"Name","Name_Tm","Name_Players","PA","SH","SF","1B","2B","3B","H","HR","IBB","UBB","BB","HBP","XI","R","SO","GDP","GO/AO","CS","PO","ROE","OOB","AB","SB","OnBase","Out","LOB","total_GO_FO","GO","FO"
"League Average per 600 PA",NA,"League Average per 600 PA",600,3,4,85,27,3,133,18,3,48,51,6,0,70,134,11,1.02,3,1,5,5,536,8,177,9,98,253,127,125
"Jose Abreu (CHW)",NA,"Jose Abreu (CHW)",553,0,6,73,36,1,132,22,7,30,37,11,0,68,109,14,1.03,0,0,3,7,499,2,161,7,86,241,122,118
"Ronald Acuna (ATL)",NA,"Ronald Acuna (ATL)",487,0,3,71,26,4,127,26,2,43,45,6,0,78,123,4,0.93,5,3,3,7,433,16,155,15,62,176,84,91
"Willy Adames (TBR)",NA,"Willy Adames (TBR)",323,1,2,63,7,0,80,10,3,28,31,1,0,43,95,6,1.18,5,1,1,3,288,6,103,9,51,106,57,48
"Matt Adams* (TOT)",NA,"Matt Adams* (TOT)",337,0,0,42,10,0,73,21,3,24,27,4,0,42,73,6,0.75,0,0,2,4,306,0,85,4,39,152,65,86
"Matt Adams* (WSN)",NA,"Matt Adams* (WSN)",277,0,0,37,9,0,64,18,2,22,24,4,0,37,55,6,0.74,0,0,1,4,249,0,75,4,34,123,52,70
"Matt Adams* (STL)",NA,"Matt Adams* (STL)",60,0,0,5,1,0,9,3,1,2,3,0,0,5,18,0,0.76,0,0,1,0,57,0,10,0,5,29,12,16
"Jim Adduci* (DET)",NA,"Jim Adduci* (DET)",185,2,1,34,8,2,47,3,0,6,6,0,0,19,45,2,1.14,0,0,0,0,176,1,50,0,31,82,43,38
"Ehire Adrianza# (MIN)",NA,"Ehire Adrianza# (MIN)",366,4,2,54,23,1,84,6,2,22,24,1,0,42,82,4,0.81,1,2,2,5,335,5,105,8,55,163,72,90
"Jesus Aguilar (MIL)",NA,"Jesus Aguilar (MIL)",566,0,10,75,25,0,135,35,3,55,58,6,0,80,143,19,0.97,0,1,0,6,492,0,164,7,77,195,96,98
"Nick Ahmed (ARI)",NA,"Nick Ahmed (ARI)",564,1,5,67,33,5,121,16,2,38,40,2,0,61,109,15,1.06,4,1,6,10,516,5,153,15,77,265,136,128
"Ozzie Albies# (ATL)",NA,"Ozzie Albies# (ATL)",684,1,3,98,40,5,167,24,0,36,36,5,0,105,116,9,0.74,3,1,8,9,639,14,192,13,74,339,144,194
"Jorge Alfaro (PHI)",NA,"Jorge Alfaro (PHI)",377,0,1,62,16,2,90,10,6,12,18,14,0,35,138,2,1.05,0,1,5,3,344,3,117,4,78,109,55,53
"Greg Allen# (CLE)",NA,"Greg Allen# (CLE)",291,4,1,52,11,3,68,2,1,13,14,7,0,36,58,5,1.16,4,0,3,2,265,21,90,6,48,131,70,60
"Abraham Almonte# (KCR)",NA,"Abraham Almonte# (KCR)",151,1,1,18,1,2,24,3,0,15,15,0,0,15,36,6,1.45,2,1,1,2,134,2,37,5,17,67,39,27
"Albert Almora (CHC)",NA,"Albert Almora (CHC)",479,2,6,97,24,1,127,5,1,23,24,3,0,62,83,12,1.35,3,0,5,8,444,1,154,11,81,217,124,92
"Yonder Alonso* (CLE)",NA,"Yonder Alonso* (CLE)",574,0,5,87,19,0,129,23,1,50,51,2,0,64,123,10,0.88,0,0,4,3,516,0,163,3,96,250,117,132
"Aaron Altherr (PHI)",NA,"Aaron Altherr (PHI)",285,0,2,24,11,1,44,8,0,36,36,4,0,28,91,13,1.18,2,2,1,0,243,3,77,4,45,94,50,43
"Jose Altuve (HOU)",NA,"Jose Altuve (HOU)",599,3,1,125,29,2,169,13,4,51,55,6,0,84,79,17,1.17,4,2,4,7,534,17,221,13,124,265,142,122
"Pedro Alvarez* (BAL)",NA,"Pedro Alvarez* (BAL)",127,0,0,10,2,0,20,8,0,16,16,0,0,18,36,2,1.33,0,0,1,0,111,0,29,0,11,52,29,22
"Brian Anderson (MIA)",NA,"Brian Anderson (MIA)",670,0,2,112,34,4,161,11,2,60,62,16,0,87,129,18,1.43,4,2,9,3,590,2,237,9,141,273,160,112
"Tim Anderson (CHW)",NA,"Tim Anderson (CHW)",606,2,3,85,28,3,136,20,2,28,30,4,0,77,149,15,1.19,8,3,8,4,567,26,158,15,66,259,140,118
"Tyler Anderson* (COL)",NA,"Tyler Anderson* (COL)",60,6,0,5,0,0,5,0,0,3,3,1,0,7,32,1,3.75,0,0,1,0,50,0,10,0,3,11,8,2
"John Andreoli (TOT)",NA,"John Andreoli (TOT)",67,0,1,12,2,0,14,0,0,5,5,0,0,4,19,1,0.32,0,0,1,1,61,2,20,1,15,26,6,19
"John Andreoli (BAL)",NA,"John Andreoli (BAL)",61,0,1,11,2,0,13,0,0,4,4,0,0,4,17,1,0.35,0,0,1,1,56,2,18,1,13,24,6,17
"Elvis Andrus (TEX)",NA,"Elvis Andrus (TEX)",428,0,2,72,20,3,101,6,0,28,28,3,0,53,66,8,1.05,3,2,10,3,395,5,136,8,75,210,107,102
"Miguel Andujar (NYY)",NA,"Miguel Andujar (NYY)",606,0,4,94,47,2,170,27,2,23,25,4,0,83,97,9,0.99,1,0,10,7,573,2,182,8,91,287,142,144
"Francisco Arcia* (LAA)",NA,"Francisco Arcia* (LAA)",106,0,0,10,5,0,21,6,0,1,1,2,0,10,27,4,1.46,0,0,0,0,103,1,18,0,8,51,30,20
"Orlando Arcia (MIL)",NA,"Orlando Arcia (MIL)",366,1,1,63,16,0,82,3,0,15,15,1,0,32,87,9,1.53,4,0,6,4,348,7,101,8,61,164,99,64
"Nolan Arenado (COL)",NA,"Nolan Arenado (COL)",673,1,6,97,38,2,175,38,10,63,73,3,0,104,122,16,0.89,2,0,6,5,590,2,219,7,108,271,127,143
"Jake Arrieta (PHI)",NA,"Jake Arrieta (PHI)",50,2,0,5,0,0,6,1,0,3,3,0,0,3,27,1,0.88,0,0,0,0,45,0,8,0,5,11,5,5
"Christian Arroyo (TBR)",NA,"Christian Arroyo (TBR)",59,0,0,10,2,1,14,1,0,6,6,0,0,5,16,0,2.14,0,0,1,0,53,0,20,0,15,22,14,7
"Willians Astudillo (MIN)",NA,"Willians Astudillo (MIN)",97,0,1,25,4,1,33,3,0,2,2,1,0,9,3,4,0.91,0,1,1,1,93,0,34,2,23,52,24,27
"Carlos Asuaje* (SDP)",NA,"Carlos Asuaje* (SDP)",218,1,3,26,8,1,37,2,1,23,24,1,0,15,46,5,0.9,1,0,1,1,189,1,61,2,44,100,47,52
"Tyler Austin (TOT)",NA,"Tyler Austin (TOT)",268,0,3,29,10,0,56,17,0,19,19,2,0,34,95,3,0.98,2,1,1,2,244,1,61,5,22,89,44,44
"Tyler Austin (NYY)",NA,"Tyler Austin (NYY)",132,0,1,13,6,0,27,8,0,8,8,2,0,16,53,2,1.25,1,0,0,1,121,1,29,2,11,39,21,17
"Tyler Austin (MIN)",NA,"Tyler Austin (MIN)",136,0,2,16,4,0,29,9,0,11,11,0,0,18,42,1,0.8,1,1,1,1,123,0,32,3,11,50,22,27
"Alex Avila* (ARI)",NA,"Alex Avila* (ARI)",234,0,2,19,6,0,32,7,2,35,37,1,0,13,90,4,1.6,0,0,1,0,194,0,64,0,51,67,41,25
"Harrison Bader (STL)",NA,"Harrison Bader (STL)",427,2,4,66,20,2,100,12,3,28,31,11,0,61,125,1,0.73,3,4,4,5,379,15,134,12,61,149,62,86
"Javier Baez (CHC)",NA,"Javier Baez (CHC)",645,1,4,93,40,9,176,34,8,21,29,5,0,101,167,10,1.24,9,3,12,9,606,21,188,21,66,241,133,107
"Jett Bandy (MIL)",NA,"Jett Bandy (MIL)",71,0,0,9,2,0,12,1,0,3,3,4,0,5,23,0,0.45,0,0,0,0,64,0,18,0,13,29,9,20
"Austin Barnes (LAD)",NA,"Austin Barnes (LAD)",238,1,0,32,5,0,41,4,4,27,31,6,0,32,67,7,1.59,3,0,4,2,200,4,78,5,41,81,49,31
"Tucker Barnhart# (CIN)",NA,"Tucker Barnhart# (CIN)",522,3,3,80,21,3,114,10,2,52,54,2,0,50,96,13,1.14,4,0,2,5,460,0,162,9,103,235,125,109
"Franklin Barreto (OAK)",NA,"Franklin Barreto (OAK)",75,0,0,8,4,0,17,5,0,1,1,1,0,10,29,3,0.52,0,0,0,2,73,0,14,2,2,24,8,15
"Jake Bauers* (TBR)",NA,"Jake Bauers* (TBR)",388,2,6,30,22,2,65,11,0,54,54,3,0,48,104,3,1.17,6,1,1,2,323,6,112,9,55,150,80,69
"Jose Bautista (TOT)",NA,"Jose Bautista (TOT)",399,0,1,35,18,0,66,13,2,65,67,6,0,52,111,2,0.66,3,2,7,4,325,4,133,9,72,139,55,83
"Jose Bautista (NYM)",NA,"Jose Bautista (NYM)",302,0,1,28,13,0,50,9,2,49,51,5,0,37,84,2,0.7,2,1,7,3,245,2,104,6,61,102,42,60
"Jose Bautista (PHI)",NA,"Jose Bautista (PHI)",57,0,0,5,4,0,11,2,0,11,11,1,0,12,15,0,0.58,1,1,0,0,45,2,21,2,7,19,6,12
"Gordon Beckham (SEA)",NA,"Gordon Beckham (SEA)",50,2,0,7,1,0,8,0,0,4,4,0,0,3,11,1,0.69,0,0,1,0,44,1,13,0,10,23,9,13
"Tim Beckham (BAL)",NA,"Tim Beckham (BAL)",402,1,2,56,17,0,85,12,0,27,27,3,0,45,100,10,1.12,2,0,4,7,369,1,107,9,53,170,89,80
"Josh Bell# (PIT)",NA,"Josh Bell# (PIT)",583,0,5,84,31,4,131,12,2,75,77,0,0,74,104,12,1.15,5,0,6,9,501,2,202,14,114,248,132,115
"Cody Bellinger* (LAD)",NA,"Cody Bellinger* (LAD)",632,0,3,85,28,7,145,25,9,60,69,3,0,84,151,7,0.79,1,2,8,5,557,14,200,8,108,246,108,137
"Brandon Belt* (SFG)",NA,"Brandon Belt* (SFG)",456,0,2,67,18,2,101,14,6,43,49,6,0,50,107,2,0.4,0,0,4,3,399,4,146,3,93,185,52,132
"Adrian Beltre (TEX)",NA,"Adrian Beltre (TEX)",481,0,8,79,23,1,118,15,2,32,34,6,0,49,96,13,0.86,0,0,5,2,433,1,148,2,97,201,92,108
"Andrew Benintendi* (BOS)",NA,"Andrew Benintendi* (BOS)",661,2,7,105,41,6,168,16,1,70,71,2,0,103,106,9,1.04,3,2,4,5,579,21,229,10,116,292,148,143
"Mookie Betts (BOS)",NA,"Mookie Betts (BOS)",614,0,5,96,47,5,180,32,8,73,81,8,0,129,91,5,0.57,6,1,6,4,520,30,243,11,103,238,86,151
"Greg Bird* (NYY)",NA,"Greg Bird* (NYY)",311,0,4,26,16,1,54,11,1,29,30,5,0,23,78,4,0.8,0,0,0,2,272,0,78,2,53,136,60,75
"Charlie Blackmon* (COL)",NA,"Charlie Blackmon* (COL)",696,1,2,115,31,7,182,29,2,57,59,8,0,119,134,10,1.14,4,1,4,6,626,12,224,11,94,296,157,138
"Gregor Blanco* (SFG)",NA,"Gregor Blanco* (SFG)",203,1,1,29,7,3,41,2,0,12,12,0,0,19,58,2,1.02,2,2,1,0,189,6,52,4,29,87,43,43
"Alex Blandino (CIN)",NA,"Alex Blandino (CIN)",147,2,0,25,4,0,30,1,1,12,13,4,0,14,41,4,1.21,0,0,2,2,128,0,48,2,32,51,27,23
"Xander Bogaerts (BOS)",NA,"Xander Bogaerts (BOS)",580,0,6,77,45,3,148,23,4,51,55,6,0,72,102,14,1.04,2,0,10,6,513,8,196,8,116,239,121,117
"Jorge Bonifacio (KCR)",NA,"Jorge Bonifacio (KCR)",270,1,2,31,16,2,53,4,1,28,29,2,0,31,71,3,0.64,1,2,2,2,236,0,82,5,46,107,41,65
"David Bote (CHC)",NA,"David Bote (CHC)",210,0,3,27,9,2,44,6,1,18,19,4,0,23,60,3,2.07,4,1,3,0,184,3,64,5,36,74,49,24
"Justin Bour* (TOT)",NA,"Justin Bour* (TOT)",501,0,3,62,13,1,96,20,6,67,73,2,0,49,124,10,1.24,0,0,1,2,423,2,152,2,101,192,106,85
"Justin Bour* (MIA)",NA,"Justin Bour* (MIA)",447,0,3,55,10,1,85,19,6,63,69,1,0,43,111,8,1.21,0,0,1,2,374,1,137,2,92,169,92,76
"Justin Bour* (PHI)",NA,"Justin Bour* (PHI)",54,0,0,7,3,0,11,1,0,4,4,1,0,6,13,2,1.45,0,0,0,0,49,1,15,0,9,23,13,9
"Jackie Bradley Jr.* (BOS)",NA,"Jackie Bradley Jr.* (BOS)",535,0,4,61,33,4,111,13,3,43,46,11,0,76,137,6,1.01,1,1,5,5,474,17,160,7,77,215,108,106
"Michael Brantley* (CLE)",NA,"Michael Brantley* (CLE)",632,1,6,121,36,2,176,17,0,48,48,5,1,89,60,15,1.22,3,0,5,6,570,12,218,9,120,314,172,141
"Ryan Braun (MIL)",NA,"Ryan Braun (MIL)",450,0,3,57,25,1,103,20,5,29,34,2,3,59,85,8,1.4,5,2,3,3,405,11,125,10,56,206,120,85
"Alex Bregman (HOU)",NA,"Alex Bregman (HOU)",705,0,3,87,51,1,170,31,2,94,96,12,0,105,85,15,0.71,4,2,3,11,594,10,250,17,128,321,133,187
"Jose Briceno (LAA)",NA,"Jose Briceno (LAA)",128,1,0,21,2,0,28,5,0,8,8,2,0,12,35,2,1.15,1,0,1,3,117,0,34,4,18,51,27,23
"Lewis Brinson (MIA)",NA,"Lewis Brinson (MIA)",407,0,2,50,10,5,76,11,2,15,17,4,1,31,120,6,1.43,1,1,5,2,382,2,92,4,57,175,102,72
"Keon Broxton (MIL)",NA,"Keon Broxton (MIL)",89,0,0,6,2,2,14,4,0,11,11,0,0,15,28,0,2,1,0,3,2,78,5,24,3,6,33,22,11
"Jay Bruce* (NYM)",NA,"Jay Bruce* (NYM)",361,0,1,43,18,1,71,9,4,37,41,0,0,31,75,3,0.53,3,0,0,0,319,2,103,3,69,170,58,111
"Kris Bryant (CHC)",NA,"Kris Bryant (CHC)",457,0,3,62,28,3,106,13,6,42,48,17,0,59,107,5,0.72,4,0,4,5,389,2,162,9,94,167,69,97
"Drew Butera (TOT)",NA,"Drew Butera (TOT)",182,0,2,19,9,0,31,3,0,15,15,2,0,13,39,4,0.63,0,0,3,0,163,0,48,0,35,86,33,52
"Drew Butera (KCR)",NA,"Drew Butera (KCR)",166,0,2,17,9,0,28,2,0,13,13,2,0,11,37,4,0.58,0,0,3,0,149,0,44,0,33,77,28,48
"Byron Buxton (MIN)",NA,"Byron Buxton (MIN)",94,1,0,10,4,0,14,0,0,3,3,0,0,8,28,1,0.75,0,0,1,0,90,5,18,0,10,46,19,26
"Asdrubal Cabrera# (TOT)",NA,"Asdrubal Cabrera# (TOT)",592,0,2,83,36,1,143,23,1,40,41,3,0,68,119,16,1.08,0,1,4,8,546,0,168,9,91,264,137,126
"Asdrubal Cabrera# (NYM)",NA,"Asdrubal Cabrera# (NYM)",407,0,2,62,23,1,104,18,1,28,29,1,0,48,81,12,1.04,0,0,4,8,375,0,120,8,64,174,88,85
"Asdrubal Cabrera# (PHI)",NA,"Asdrubal Cabrera# (PHI)",185,0,0,21,13,0,39,5,0,12,12,2,0,20,38,4,1.15,0,1,0,0,171,0,48,1,27,90,48,41
"Melky Cabrera# (CLE)",NA,"Melky Cabrera# (CLE)",278,0,5,47,17,0,70,6,0,20,20,3,0,28,38,10,1.19,1,0,3,4,250,1,90,5,57,129,70,58
"Miguel Cabrera (DET)",NA,"Miguel Cabrera (DET)",157,0,1,26,11,0,40,3,4,18,22,0,0,17,27,6,2.22,0,0,0,0,134,0,59,0,42,61,42,18
"Lorenzo Cain (MIL)",NA,"Lorenzo Cain (MIL)",620,0,2,129,25,2,166,10,1,70,71,8,0,90,94,10,1.52,7,6,9,5,539,30,244,18,136,260,156,103
"Kole Calhoun* (LAA)",NA,"Kole Calhoun* (LAA)",553,0,6,63,18,2,102,19,2,51,53,1,1,71,133,9,1.13,2,1,1,5,491,6,139,8,60,246,130,115
"Willie Calhoun* (TEX)",NA,"Willie Calhoun* (TEX)",108,0,2,15,5,0,22,2,0,6,6,1,0,8,24,2,0.81,0,0,2,1,99,0,29,1,20,49,21,27
"Johan Camargo# (ATL)",NA,"Johan Camargo# (ATL)",524,0,3,79,27,1,126,19,4,47,51,6,0,63,108,13,1.09,1,0,5,4,464,1,169,5,101,212,110,101
"Jeimer Candelario# (DET)",NA,"Jeimer Candelario# (DET)",619,0,5,71,28,3,121,19,1,65,66,9,0,78,160,4,0.83,2,2,5,6,539,3,182,10,94,249,112,136
"Mark Canha (OAK)",NA,"Mark Canha (OAK)",411,0,2,52,22,0,91,17,3,31,34,10,0,60,88,11,0.77,2,0,6,5,365,1,124,7,57,169,73,95
"Robinson Cano* (SEA)",NA,"Robinson Cano* (SEA)",348,0,2,62,22,0,94,10,2,30,32,4,0,44,47,9,1.24,0,0,3,0,310,0,123,0,79,157,86,70
"Victor Caratini# (CHC)",NA,"Victor Caratini# (CHC)",200,2,1,33,7,0,42,2,0,12,12,4,0,21,42,5,1.4,0,0,3,1,181,0,59,1,37,89,51,37
"Matt Carpenter* (STL)",NA,"Matt Carpenter* (STL)",678,0,4,67,42,0,145,36,17,85,102,6,1,111,158,0,0.53,1,0,1,7,564,4,219,8,100,260,90,169
"Curt Casali (CIN)",NA,"Curt Casali (CIN)",156,1,1,27,10,0,41,4,1,11,12,2,0,15,32,5,1.05,2,0,0,2,140,0,51,4,32,62,31,30
"Nick Castellanos (DET)",NA,"Nick Castellanos (DET)",678,0,3,111,46,5,185,23,5,44,49,6,0,88,151,8,0.76,1,2,10,4,620,2,227,7,132,266,114,151
"Luis Castillo (CIN)",NA,"Luis Castillo (CIN)",65,4,0,5,1,0,6,0,0,2,2,0,0,4,23,0,2.56,0,0,2,1,59,0,10,1,5,28,20,7
"Welington Castillo (CHW)",NA,"Welington Castillo (CHW)",181,0,0,31,7,0,44,6,0,9,9,2,0,17,46,7,0.89,0,0,1,1,170,1,50,1,32,72,33,38
"Jason Castro* (MIN)",NA,"Jason Castro* (MIN)",74,0,1,5,3,0,9,1,0,9,9,1,0,4,26,2,1.14,0,0,1,1,63,0,19,1,14,25,13,11
"Starlin Castro (MIA)",NA,"Starlin Castro (MIA)",647,0,6,119,32,2,165,12,3,45,48,0,0,76,124,18,1.29,4,1,13,3,593,6,214,8,130,273,153,119
"Jake Cave* (MIN)",NA,"Jake Cave* (MIN)",309,2,3,44,16,2,75,13,2,16,18,3,0,54,102,2,1.6,1,0,4,4,283,2,87,5,28,100,61,38
"Francisco Cervelli (PIT)",NA,"Francisco Cervelli (PIT)",404,2,4,56,15,3,86,12,1,50,51,15,0,39,84,7,0.84,3,0,2,5,332,2,142,8,95,153,69,83
"Yoenis Cespedes (NYM)",NA,"Yoenis Cespedes (NYM)",157,0,2,22,6,0,37,9,2,11,13,1,0,20,50,1,0.39,0,0,1,1,141,3,43,1,22,52,14,37
"Jhoulys Chacin (MIL)",NA,"Jhoulys Chacin (MIL)",68,9,0,8,1,0,9,0,0,3,3,0,0,2,17,0,2.17,0,0,1,0,56,0,13,0,11,29,19,9
"Matt Chapman (OAK)",NA,"Matt Chapman (OAK)",616,0,2,80,42,6,152,24,0,58,58,9,0,100,146,18,0.93,2,1,4,2,547,1,199,5,94,227,109,117
"Robinson Chirinos (TEX)",NA,"Robinson Chirinos (TEX)",426,0,2,46,15,1,80,18,0,45,45,19,0,48,140,7,0.53,0,1,4,5,360,2,130,6,76,129,44,84
"Lonnie Chisenhall* (CLE)",NA,"Lonnie Chisenhall* (CLE)",95,1,0,19,6,1,27,1,1,7,8,2,0,11,12,2,0.55,0,0,0,1,84,1,36,1,24,43,15,27
"Ji-Man Choi* (TOT)",NA,"Ji-Man Choi* (TOT)",221,0,2,25,14,1,50,10,1,25,26,3,0,25,55,1,0.96,0,2,0,2,190,2,69,4,40,84,41,42
"Ji-Man Choi* (TBR)",NA,"Ji-Man Choi* (TBR)",189,0,2,22,12,1,43,8,0,24,24,3,0,21,41,0,0.95,0,2,0,2,160,2,62,4,37,76,37,38
"Shin-Soo Choo* (TEX)",NA,"Shin-Soo Choo* (TEX)",665,1,2,96,30,1,148,21,2,90,92,10,0,83,156,11,1.57,1,0,9,5,560,6,238,6,149,236,144,91
"Michael Conforto* (NYM)",NA,"Michael Conforto* (NYM)",638,0,4,78,25,1,132,28,8,76,84,7,0,78,159,10,1.22,4,2,6,4,543,3,201,10,113,236,129,106
"Willson Contreras (CHC)",NA,"Willson Contreras (CHC)",544,2,2,76,27,5,118,10,2,51,53,13,0,50,121,14,1.48,1,1,4,9,474,4,178,11,117,217,129,87
"Patrick Corbin* (ARI)",NA,"Patrick Corbin* (ARI)",67,4,0,11,1,0,12,0,0,2,2,0,0,1,25,3,5.2,0,0,0,1,61,0,14,1,12,21,17,3
"Franchy Cordero* (SDP)",NA,"Franchy Cordero* (SDP)",154,1,0,20,5,1,33,7,0,14,14,0,0,19,55,1,1.43,2,1,3,0,139,5,43,3,21,47,27,19
"Carlos Correa (HOU)",NA,"Carlos Correa (HOU)",468,0,11,60,20,1,96,15,3,50,53,2,0,60,111,17,1.15,0,0,2,1,402,3,138,1,77,176,94,81
"Kaleb Cowart# (LAA)",NA,"Kaleb Cowart# (LAA)",124,0,1,6,7,1,15,1,0,10,10,1,0,7,44,2,0.63,0,0,0,3,112,1,25,3,15,51,19,31
"Zack Cozart (LAA)",NA,"Zack Cozart (LAA)",253,0,3,29,13,2,49,5,0,19,19,7,0,29,42,7,0.87,0,0,3,2,224,0,73,2,42,123,57,65
"Brandon Crawford* (SFG)",NA,"Brandon Crawford* (SFG)",594,0,5,91,28,2,135,14,13,37,50,8,0,63,122,12,1.15,5,2,3,3,531,4,182,10,109,259,138,120
"J.P. Crawford* (PHI)",NA,"J.P. Crawford* (PHI)",139,2,0,13,6,3,25,3,0,13,13,5,1,17,37,2,0.97,0,0,0,0,117,2,41,0,24,53,26,26
"C.J. Cron (TBR)",NA,"C.J. Cron (TBR)",560,0,5,68,28,1,127,30,2,35,37,17,0,68,145,11,0.96,2,0,3,4,501,1,154,6,80,215,105,109
"Nelson Cruz (SEA)",NA,"Nelson Cruz (SEA)",591,0,3,77,18,1,133,37,5,50,55,14,0,70,122,15,1.12,0,0,0,0,519,1,165,0,95,249,131,117
"Noel Cuevas (COL)",NA,"Noel Cuevas (COL)",153,0,0,27,4,1,34,2,1,5,6,1,0,16,24,1,0.91,0,1,0,3,146,1,39,4,19,87,41,45
"Charlie Culberson (ATL)",NA,"Charlie Culberson (ATL)",322,0,1,48,18,2,80,12,5,16,21,4,0,47,85,5,1.43,2,0,7,2,296,4,100,4,49,119,70,48
"Cheslor Cuthbert (KCR)",NA,"Cheslor Cuthbert (KCR)",117,0,1,15,2,0,20,3,0,11,11,2,0,11,23,5,1.2,1,0,0,0,103,0,30,1,18,55,29,24
"Chase d'Arnaud (SFG)",NA,"Chase d'Arnaud (SFG)",100,1,1,12,5,0,20,3,0,4,4,1,0,9,37,0,0.46,1,1,0,2,93,2,22,4,9,36,11,24
"David Dahl* (COL)",NA,"David Dahl* (COL)",271,0,2,38,11,3,68,16,4,15,19,1,0,31,68,4,0.97,3,0,1,4,249,5,73,7,35,108,53,54
"Matt Davidson (CHW)",NA,"Matt Davidson (CHW)",496,0,3,56,23,0,99,20,0,52,52,7,0,51,165,8,1.06,0,1,4,4,434,0,142,5,86,158,81,76
"Chris Davis* (BAL)",NA,"Chris Davis* (BAL)",522,0,4,51,12,0,79,16,2,39,41,7,0,40,192,5,0.92,0,0,5,3,470,2,116,3,73,189,90,98
"J.D. Davis (HOU)",NA,"J.D. Davis (HOU)",113,0,0,15,2,0,18,1,0,10,10,0,0,9,29,3,1.32,0,0,1,0,103,0,28,0,19,52,29,22
"Khris Davis (OAK)",NA,"Khris Davis (OAK)",654,0,7,65,28,1,142,48,5,54,59,12,0,98,175,16,0.81,0,0,4,2,576,0,169,2,69,239,106,132
"Rajai Davis (CLE)",NA,"Rajai Davis (CLE)",216,4,1,36,6,1,44,1,0,11,11,4,0,33,48,2,1.04,7,3,3,2,196,21,61,12,16,99,50,48
"Austin Dean (MIA)",NA,"Austin Dean (MIA)",122,0,0,17,4,0,25,4,0,7,7,2,0,16,22,1,0.74,0,0,2,0,113,1,32,0,16,63,26,36
"Jacob deGrom* (NYM)",NA,"Jacob deGrom* (NYM)",74,3,0,10,1,0,11,0,0,4,4,0,0,1,25,1,1.83,0,0,1,0,67,0,16,0,15,29,18,10
"Paul DeJong (STL)",NA,"Paul DeJong (STL)",491,0,5,60,25,1,105,19,2,34,36,12,1,68,123,6,0.52,1,0,5,1,436,1,140,2,70,197,67,129
"Nicky Delmonico* (CHW)",NA,"Nicky Delmonico* (CHW)",318,0,1,37,11,5,61,8,1,26,27,6,0,31,80,7,0.91,2,0,1,4,284,1,87,6,50,135,64,70
"Daniel Descalso* (ARI)",NA,"Daniel Descalso* (ARI)",424,0,7,44,22,4,83,13,2,62,64,2,1,54,110,2,0.53,1,0,2,3,349,0,139,4,81,152,52,99
"Delino DeShields (TEX)",NA,"Delino DeShields (TEX)",393,12,1,55,14,1,72,2,0,43,43,3,0,52,83,1,1.09,4,1,6,7,334,20,122,12,58,172,89,82
"Ian Desmond (COL)",NA,"Ian Desmond (COL)",619,1,4,80,21,8,131,22,0,53,53,6,0,82,146,17,2.23,6,4,13,10,555,20,181,20,79,248,171,76
"Rafael Devers* (BOS)",NA,"Rafael Devers* (BOS)",490,0,2,63,24,0,108,21,6,32,38,0,0,59,121,9,1.09,2,2,4,7,450,5,129,11,59,208,108,99
"Aledmys Diaz (TOR)",NA,"Aledmys Diaz (TOR)",452,0,4,67,26,0,111,18,2,21,23,3,0,55,62,9,0.85,4,1,6,8,422,3,125,13,57,234,107,126
"Elias Diaz (PIT)",NA,"Elias Diaz (PIT)",277,0,3,50,12,0,72,10,1,20,21,1,0,33,40,4,1.04,1,2,2,2,252,0,86,5,48,134,68,65
"Yandy Diaz (CLE)",NA,"Yandy Diaz (CLE)",120,0,0,26,5,2,34,1,1,10,11,0,0,15,19,6,1.65,0,0,1,2,109,0,45,2,28,49,30,18
"Corey Dickerson* (PIT)",NA,"Corey Dickerson* (PIT)",533,0,4,96,35,7,151,13,4,17,21,4,0,65,80,14,0.72,3,0,4,5,504,8,167,8,94,255,106,148
"Derek Dietrich* (MIA)",NA,"Derek Dietrich* (MIA)",551,0,2,88,26,2,132,16,2,27,29,21,0,72,140,5,0.94,0,0,3,8,499,2,169,8,89,219,106,112
"Wilmer Difo# (WSN)",NA,"Wilmer Difo# (WSN)",456,3,4,66,14,7,94,7,5,34,39,2,0,55,82,8,1.03,3,2,3,5,408,10,131,10,66,221,112,108
"Brandon Dixon (CIN)",NA,"Brandon Dixon (CIN)",124,0,0,10,6,0,21,5,0,6,6,0,0,14,43,2,0.93,0,0,1,1,118,0,23,1,8,51,24,26
"Josh Donaldson (TOT)",NA,"Josh Donaldson (TOT)",219,0,1,24,14,0,46,8,2,29,31,0,0,30,54,3,1.19,0,0,0,1,187,2,69,1,38,84,45,38
"Josh Donaldson (TOR)",NA,"Josh Donaldson (TOR)",159,0,1,16,11,0,32,5,2,19,21,0,0,22,44,1,1.21,0,0,0,0,137,2,48,0,26,60,32,27
"Josh Donaldson (CLE)",NA,"Josh Donaldson (CLE)",60,0,0,8,3,0,14,3,0,10,10,0,0,8,10,2,1.15,0,0,0,1,50,0,21,1,12,24,12,11
"Brian Dozier (TOT)",NA,"Brian Dozier (TOT)",632,0,5,66,30,2,119,21,1,69,70,4,0,81,129,12,0.78,3,1,6,7,553,12,178,11,86,287,125,161
"Brian Dozier (MIN)",NA,"Brian Dozier (MIN)",462,0,3,54,21,2,93,16,1,45,46,3,0,65,96,7,0.73,3,1,5,5,410,8,131,9,57,209,88,120
"Brian Dozier (LAD)",NA,"Brian Dozier (LAD)",170,0,2,12,9,0,26,5,0,24,24,1,0,16,33,5,0.91,0,0,1,2,143,4,47,2,29,78,37,40
"Hunter Dozier (KCR)",NA,"Hunter Dozier (KCR)",388,0,1,49,19,4,83,11,0,24,24,1,0,36,109,12,1.07,3,2,2,3,362,2,99,8,55,156,80,75
"Brandon Drury (TOT)",NA,"Brandon Drury (TOT)",86,0,0,8,4,0,13,1,0,7,7,2,0,5,20,5,1.18,0,0,1,0,77,0,22,0,17,38,20,17
"Brandon Drury (NYY)",NA,"Brandon Drury (NYY)",57,0,0,6,2,0,9,1,0,5,5,1,0,2,12,4,1.2,0,0,1,0,51,0,15,0,13,25,13,11
"Lucas Duda* (TOT)",NA,"Lucas Duda* (TOT)",367,0,3,50,14,1,79,14,2,26,28,8,0,35,102,5,0.58,0,0,1,2,328,1,102,2,65,141,51,89
"Lucas Duda* (KCR)",NA,"Lucas Duda* (KCR)",345,0,3,49,12,1,75,13,2,22,24,8,0,34,95,4,0.58,0,0,1,1,310,1,95,1,60,135,49,85
"Matt Duffy (TBR)",NA,"Matt Duffy (TBR)",560,1,2,121,22,1,148,4,1,46,47,7,0,59,93,12,1.46,6,1,5,7,503,12,203,14,130,245,145,99
"Steven Duggar* (SFG)",NA,"Steven Duggar* (SFG)",152,0,1,22,11,1,36,2,1,9,10,0,0,20,44,0,0.94,1,0,2,2,141,5,46,3,23,59,28,30
"Adam Duvall (TOT)",NA,"Adam Duvall (TOT)",427,0,1,40,20,0,75,15,3,34,37,5,0,48,117,9,0.56,2,3,5,4,384,2,107,9,50,178,63,114
"Adam Duvall (CIN)",NA,"Adam Duvall (CIN)",370,0,1,34,19,0,68,15,3,31,34,4,0,40,100,8,0.63,2,3,4,4,331,2,95,9,46,151,58,92
"Adam Duvall (ATL)",NA,"Adam Duvall (ATL)",57,0,0,6,1,0,7,0,0,3,3,1,0,8,17,1,0.26,0,0,1,0,53,0,12,0,4,27,5,21
"Jarrod Dyson* (ARI)",NA,"Jarrod Dyson* (ARI)",237,3,1,31,4,2,39,2,2,25,27,0,0,29,34,3,1.21,3,1,2,0,206,16,66,4,33,128,70,57
"Adam Eaton* (WSN)",NA,"Adam Eaton* (WSN)",370,2,0,72,18,1,96,5,0,38,38,11,0,55,64,2,1.08,1,1,3,4,319,9,143,6,82,154,79,74
"Zach Eflin (PHI)",NA,"Zach Eflin (PHI)",50,6,0,3,0,0,4,1,0,0,0,0,0,3,31,0,13,0,0,0,0,44,0,3,0,0,9,8,0
"A.J. Ellis (SDP)",NA,"A.J. Ellis (SDP)",183,3,2,32,8,0,41,1,1,25,26,1,0,19,37,2,1,0,0,1,1,151,0,68,1,48,70,35,35
"Edwin Encarnacion (CLE)",NA,"Edwin Encarnacion (CLE)",580,0,7,74,16,1,123,32,2,61,63,8,1,74,132,14,0.87,0,0,5,6,500,3,168,6,88,226,105,120
"Adam Engel (CHW)",NA,"Adam Engel (CHW)",463,7,1,74,17,4,101,6,0,18,18,8,0,49,129,1,0.72,8,1,4,3,429,16,125,12,64,194,81,112
"Phil Ervin (CIN)",NA,"Phil Ervin (CIN)",247,0,4,37,10,1,55,7,1,19,20,5,0,27,60,5,0.78,1,0,0,4,218,6,73,5,41,98,42,55
"Alcides Escobar (KCR)",NA,"Alcides Escobar (KCR)",531,8,4,83,22,3,112,4,1,28,29,5,0,54,74,14,1.21,2,1,9,4,485,8,151,7,90,276,151,124
"Eduardo Escobar# (TOT)",NA,"Eduardo Escobar# (TOT)",631,0,8,80,48,3,154,23,8,44,52,5,0,75,126,12,0.67,4,1,4,5,566,2,192,10,107,270,108,161
"Eduardo Escobar# (MIN)",NA,"Eduardo Escobar# (MIN)",408,0,3,46,37,3,101,15,6,28,34,3,0,45,91,7,0.66,3,1,2,3,368,1,125,7,73,167,66,100
"Eduardo Escobar# (ARI)",NA,"Eduardo Escobar# (ARI)",223,0,5,34,11,0,53,8,2,16,18,2,0,30,35,5,0.69,1,0,2,2,198,1,67,3,34,103,42,60
"Kyle Farmer (LAD)",NA,"Kyle Farmer (LAD)",77,0,1,11,4,1,16,0,1,4,5,3,0,1,15,1,0.74,0,0,1,0,68,0,25,0,24,35,14,20
"Jose Fernandez* (LAA)",NA,"Jose Fernandez* (LAA)",123,0,0,21,8,0,31,2,0,6,6,1,0,9,15,2,0.97,0,0,3,3,116,1,39,3,27,65,32,32
"Johnny Field (TOT)",NA,"Johnny Field (TOT)",233,1,1,27,13,0,49,9,0,7,7,3,0,28,72,3,0.96,0,1,5,1,221,4,55,2,25,92,45,46
"Johnny Field (TBR)",NA,"Johnny Field (TBR)",179,1,0,21,9,0,36,6,0,7,7,2,0,20,58,3,1.08,0,0,4,1,169,4,43,1,22,68,35,32
"Johnny Field (MIN)",NA,"Johnny Field (MIN)",54,0,1,6,4,0,13,3,0,0,0,1,0,8,14,0,0.67,0,1,1,0,52,0,12,1,3,24,9,14
"Derek Fisher* (HOU)",NA,"Derek Fisher* (HOU)",86,0,2,5,2,2,13,4,0,5,5,0,0,13,42,0,1.78,0,1,1,1,79,2,15,2,0,23,14,8
"Jack Flaherty (STL)",NA,"Jack Flaherty (STL)",52,4,0,7,0,0,7,0,0,2,2,0,0,2,20,0,3.8,0,0,0,1,46,0,9,1,6,19,15,3
"Ryan Flaherty* (ATL)",NA,"Ryan Flaherty* (ATL)",182,1,1,27,6,0,35,2,4,14,18,1,0,17,41,5,2.36,2,0,0,0,161,4,52,2,33,80,56,23
"David Fletcher (LAA)",NA,"David Fletcher (LAA)",307,3,2,57,18,2,78,1,0,15,15,3,0,35,34,7,0.86,0,0,2,2,284,3,97,2,60,163,75,87
"Wilmer Flores (NYM)",NA,"Wilmer Flores (NYM)",429,0,9,67,25,0,103,11,1,28,29,5,0,43,42,8,0.64,0,0,2,7,386,0,128,7,78,231,90,140
"Pedro Florimon# (PHI)",NA,"Pedro Florimon# (PHI)",76,0,0,7,6,1,16,2,0,5,5,0,0,13,30,0,0.53,2,0,1,0,71,1,20,2,5,24,8,15
"Tyler Flowers (ATL)",NA,"Tyler Flowers (ATL)",296,0,1,40,9,0,57,8,0,35,35,9,0,34,76,6,0.84,0,0,1,2,251,0,94,2,58,111,50,60
"Mike Foltynewicz (ATL)",NA,"Mike Foltynewicz (ATL)",66,8,0,2,1,0,3,0,0,0,0,0,0,3,41,0,4.25,0,0,0,0,58,0,3,0,0,14,11,2
"Logan Forsythe (TOT)",NA,"Logan Forsythe (TOT)",416,0,1,68,16,0,86,2,1,40,41,3,0,37,83,10,1.09,0,0,3,3,371,3,131,3,91,189,98,90
"Logan Forsythe (LAD)",NA,"Logan Forsythe (LAD)",211,0,1,28,10,0,40,2,1,16,17,0,0,18,43,5,0.85,0,0,1,1,193,2,56,1,37,104,47,56
"Logan Forsythe (MIN)",NA,"Logan Forsythe (MIN)",205,0,0,40,6,0,46,0,0,24,24,3,0,19,40,5,1.46,0,0,2,2,178,1,75,2,54,85,50,34
"Dexter Fowler# (STL)",NA,"Dexter Fowler# (STL)",334,0,4,34,10,0,52,8,0,38,38,3,0,40,75,2,0.87,2,0,3,7,289,5,88,9,39,157,73,83
"Dustin Fowler* (OAK)",NA,"Dustin Fowler* (OAK)",203,0,2,32,3,2,43,6,0,8,8,1,0,19,47,2,0.89,4,0,1,2,192,6,47,6,22,99,46,52
"Maikel Franco (PHI)",NA,"Maikel Franco (PHI)",465,0,3,77,17,1,117,22,7,22,29,0,0,48,62,15,1.27,0,0,3,2,433,1,127,2,77,236,132,103
"Adam Frazier* (PIT)",NA,"Adam Frazier* (PIT)",352,1,1,53,23,2,88,10,2,27,29,3,0,52,53,3,1.26,3,1,4,2,318,1,114,6,56,170,94,75
"Todd Frazier (NYM)",NA,"Todd Frazier (NYM)",472,0,8,51,18,0,87,18,1,47,48,8,0,54,112,10,0.67,4,1,7,6,408,9,132,11,67,192,77,114
"Kyle Freeland* (COL)",NA,"Kyle Freeland* (COL)",71,4,0,4,2,0,6,0,0,2,2,0,0,5,40,0,2.14,0,0,1,0,65,0,9,0,4,18,12,5
"Freddie Freeman* (ATL)",NA,"Freddie Freeman* (ATL)",707,0,6,120,44,4,191,23,12,64,76,7,0,94,132,11,0.96,3,1,8,8,618,10,259,12,153,276,135,140
"David Freese (TOT)",NA,"David Freese (TOT)",312,0,3,58,12,2,83,11,1,23,24,5,0,38,72,10,1.81,0,0,3,3,280,0,104,3,63,112,72,39
"David Freese (PIT)",NA,"David Freese (PIT)",265,0,3,48,10,1,68,9,1,17,18,3,0,29,56,10,1.91,0,0,2,2,241,0,82,2,51,105,68,36
"David Freitas (SEA)",NA,"David Freitas (SEA)",110,1,0,13,6,0,20,1,0,8,8,0,4,9,25,2,1.08,0,0,0,0,93,0,31,0,22,46,23,22
"Cam Gallagher (KCR)",NA,"Cam Gallagher (KCR)",69,1,1,9,3,0,13,1,0,3,3,1,0,5,15,1,0.61,0,0,1,0,63,0,17,0,12,33,12,20
"Joey Gallo* (TEX)",NA,"Joey Gallo* (TEX)",577,0,0,38,24,1,103,40,4,70,74,3,0,82,207,3,0.6,4,0,1,2,500,3,141,6,53,186,69,116
"Isaac Galloway (MIA)",NA,"Isaac Galloway (MIA)",74,1,0,7,3,0,13,3,0,9,9,0,0,7,21,0,0.72,1,0,0,1,64,1,19,2,10,30,12,17
"Freddy Galvis# (SDP)",NA,"Freddy Galvis# (SDP)",656,1,6,100,31,5,149,13,2,43,45,2,0,62,147,8,0.8,6,3,6,4,602,8,189,13,114,292,129,162
"Ben Gamel* (SEA)",NA,"Ben Gamel* (SEA)",293,0,1,51,14,4,70,1,1,30,31,4,0,37,61,4,1.25,3,1,0,3,257,7,104,7,60,122,67,54
"Aramis Garcia (SFG)",NA,"Aramis Garcia (SFG)",65,0,0,13,1,0,18,4,0,2,2,0,0,8,31,1,1.14,0,0,0,0,63,0,16,0,8,13,6,6
"Avisail Garcia (CHW)",NA,"Avisail Garcia (CHW)",385,0,5,52,11,2,84,19,2,18,20,4,0,47,102,9,1.07,1,1,7,1,356,3,96,3,46,154,79,74
"Greg Garcia* (STL)",NA,"Greg Garcia* (STL)",208,1,2,31,6,0,40,3,1,19,20,4,0,15,37,3,0.96,1,0,1,1,181,3,62,2,45,100,48,51
"Leury Garcia# (CHW)",NA,"Leury Garcia# (CHW)",275,4,1,55,7,4,70,4,0,9,9,3,0,23,69,2,1.42,1,0,3,3,258,12,81,4,54,114,66,47
"Brett Gardner* (NYY)",NA,"Brett Gardner* (NYY)",609,4,5,86,20,7,125,12,0,65,65,5,0,95,107,6,1.06,2,1,7,6,530,16,190,9,86,285,146,138
"Mitch Garver (MIN)",NA,"Mitch Garver (MIN)",335,1,1,53,19,2,81,7,2,27,29,2,0,38,72,8,0.84,0,1,5,3,302,0,110,4,68,136,62,73
"Evan Gattis (HOU)",NA,"Evan Gattis (HOU)",451,0,8,50,17,0,92,25,2,31,33,3,0,49,101,13,0.75,0,0,4,3,407,1,107,3,55,197,84,112
"Scooter Gennett* (CIN)",NA,"Scooter Gennett* (CIN)",638,3,5,125,30,3,181,23,3,39,42,4,0,86,125,14,0.94,2,1,5,7,584,4,209,10,113,259,125,133
"Craig Gentry (BAL)",NA,"Craig Gentry (BAL)",169,1,0,34,5,2,42,1,0,11,11,1,0,13,31,2,1.26,3,0,1,1,156,12,54,4,37,80,44,35
"Chris Gimenez (TOT)",NA,"Chris Gimenez (TOT)",66,0,2,9,1,0,12,2,0,6,6,1,0,7,16,2,1.13,0,0,2,0,57,1,19,0,12,25,13,11
"Zack Godley (ARI)",NA,"Zack Godley (ARI)",65,8,0,3,0,0,3,0,0,4,4,0,0,1,30,0,3.67,0,0,0,0,53,0,7,0,6,20,15,4
"Ryan Goins* (KCR)",NA,"Ryan Goins* (KCR)",120,1,0,17,8,1,26,0,0,4,4,0,0,10,29,2,1.29,0,0,0,2,115,0,30,2,18,58,32,25
"Paul Goldschmidt (ARI)",NA,"Paul Goldschmidt (ARI)",691,0,0,99,35,5,172,33,11,79,90,6,1,95,173,7,0.91,4,1,11,5,593,7,247,10,142,230,109,120
"Yan Gomes (CLE)",NA,"Yan Gomes (CLE)",435,0,3,65,26,0,107,16,2,19,21,8,0,52,119,4,0.54,0,0,5,5,403,0,125,5,68,168,58,109
"Carlos Gomez (TBR)",NA,"Carlos Gomez (TBR)",408,2,0,49,15,2,75,9,0,25,25,21,0,42,103,6,0.62,3,0,2,7,360,12,114,10,62,174,66,107
"Adrian Gonzalez* (NYM)",NA,"Adrian Gonzalez* (NYM)",187,0,2,29,5,0,40,6,3,12,15,1,0,15,34,5,1.21,0,0,0,1,169,0,50,1,34,90,49,40
"Carlos Gonzalez* (COL)",NA,"Carlos Gonzalez* (COL)",504,0,3,76,32,4,128,16,4,33,37,1,0,71,113,5,1.23,2,0,5,5,463,5,155,7,77,212,116,95
"Erik Gonzalez (CLE)",NA,"Erik Gonzalez (CLE)",143,0,0,24,10,1,36,1,0,5,5,2,0,17,34,0,1.56,0,0,3,1,136,3,45,1,27,63,38,24
"Gio Gonzalez (TOT)",NA,"Gio Gonzalez (TOT)",55,3,0,3,1,0,4,0,0,1,1,0,0,3,31,0,2.17,0,0,0,0,51,0,5,0,2,16,10,5
"Marwin Gonzalez# (HOU)",NA,"Marwin Gonzalez# (HOU)",552,5,2,77,25,3,121,16,3,50,53,3,0,61,126,14,1.14,3,0,7,7,489,2,168,10,97,221,117,103
"Niko Goodrum# (DET)",NA,"Niko Goodrum# (DET)",492,0,2,61,29,3,109,16,1,41,42,4,0,55,132,9,1.15,4,1,5,6,444,12,144,11,78,189,101,87
"Brian Goodwin* (TOT)",NA,"Brian Goodwin* (TOT)",180,1,1,26,6,0,38,6,0,16,16,3,0,20,57,0,0.89,2,1,2,1,159,4,53,4,29,62,29,32
"Brian Goodwin* (WSN)",NA,"Brian Goodwin* (WSN)",79,1,1,9,1,0,13,3,0,10,10,2,0,9,26,0,0.93,1,1,0,1,65,3,22,3,10,26,12,13
"Brian Goodwin* (KCR)",NA,"Brian Goodwin* (KCR)",101,0,0,17,5,0,25,3,0,6,6,1,0,11,31,0,0.85,1,0,2,0,94,1,31,1,19,36,16,19
"Alex Gordon* (KCR)",NA,"Alex Gordon* (KCR)",568,0,2,87,24,0,124,13,4,46,50,10,0,56,124,7,1.25,2,1,2,2,506,12,173,5,112,249,138,110
"Dee Gordon* (SEA)",NA,"Dee Gordon* (SEA)",588,9,5,120,17,8,149,4,0,9,9,9,0,62,80,10,1.66,12,4,6,1,556,30,169,17,90,311,194,116
"Yasmani Grandal# (LAD)",NA,"Yasmani Grandal# (LAD)",518,0,3,57,23,2,106,24,1,71,72,3,0,65,124,12,1.12,1,1,3,4,440,2,160,6,89,195,103,91
"Curtis Granderson* (TOT)",NA,"Curtis Granderson* (TOT)",403,1,1,46,22,2,83,13,1,53,54,4,0,60,106,3,0.78,1,0,0,3,343,2,128,4,64,151,66,84
"Curtis Granderson* (TOR)",NA,"Curtis Granderson* (TOR)",349,1,1,41,21,1,74,11,1,41,42,3,0,48,96,3,0.78,1,0,0,3,302,2,108,4,56,129,56,72
"Curtis Granderson* (MIL)",NA,"Curtis Granderson* (MIL)",54,0,0,5,1,1,9,2,0,12,12,1,0,12,10,0,0.77,0,0,0,0,41,0,20,0,8,22,9,12
"Jon Gray (COL)",NA,"Jon Gray (COL)",61,6,0,2,2,0,4,0,0,3,3,0,0,2,30,0,4.5,0,0,1,0,52,0,8,0,6,17,13,3
"Didi Gregorius* (NYY)",NA,"Didi Gregorius* (NYY)",569,1,9,80,23,5,135,27,3,45,48,7,0,89,69,8,0.75,6,0,8,3,504,10,171,9,73,284,121,162
"Grayson Greiner (DET)",NA,"Grayson Greiner (DET)",116,0,3,15,6,0,21,0,0,17,17,0,0,9,32,0,0.84,1,0,1,0,96,0,39,1,29,42,19,22
"Zack Greinke (ARI)",NA,"Zack Greinke (ARI)",71,4,0,11,4,0,15,0,0,3,3,0,0,6,16,3,1.41,0,0,0,0,64,3,18,0,12,30,17,12
"Randal Grichuk (TOR)",NA,"Randal Grichuk (TOR)",462,0,3,46,32,1,104,25,0,27,27,8,0,60,122,5,0.67,2,2,3,5,424,3,117,9,48,190,76,113
"Robbie Grossman# (MIN)",NA,"Robbie Grossman# (MIN)",465,2,5,75,27,1,108,5,0,60,60,2,0,50,83,2,0.68,1,0,8,7,396,0,173,8,115,195,78,116
"Luis Guillorme* (NYM)",NA,"Luis Guillorme* (NYM)",74,0,0,12,2,0,14,0,0,7,7,0,0,4,3,1,1.33,0,0,2,0,67,1,23,0,19,47,26,20
"Lourdes Gurriel Jr. (TOR)",NA,"Lourdes Gurriel Jr. (TOR)",263,1,2,51,8,0,70,11,1,8,9,2,0,30,59,2,0.81,2,1,2,3,249,1,72,6,36,116,51,64
"Yuli Gurriel (HOU)",NA,"Yuli Gurriel (HOU)",573,0,7,109,33,1,156,13,0,23,23,6,0,70,63,22,0.84,1,0,13,5,537,5,185,6,109,283,129,153
"Brandon Guyer (CLE)",NA,"Brandon Guyer (CLE)",221,1,0,22,11,0,40,7,0,15,15,11,0,25,48,5,0.96,1,0,2,2,194,1,61,3,33,99,48,50
"Ronald Guzman* (TEX)",NA,"Ronald Guzman* (TEX)",428,0,1,55,18,2,91,16,2,31,33,7,0,46,121,8,1.04,0,1,3,4,387,1,118,5,67,164,83,80
"Jedd Gyorko (STL)",NA,"Jedd Gyorko (STL)",402,0,4,61,19,1,92,11,0,44,44,3,0,49,77,12,0.93,0,0,0,3,351,2,128,3,76,170,81,88
"Billy Hamilton# (CIN)",NA,"Billy Hamilton# (CIN)",556,1,4,90,16,9,119,4,0,46,46,1,0,74,132,1,0.7,10,6,2,4,504,34,164,20,70,250,102,147
"Mitch Haniger (SEA)",NA,"Mitch Haniger (SEA)",683,0,7,102,38,4,170,26,4,66,70,10,0,90,148,8,0.98,2,0,8,3,596,8,232,5,137,262,129,132
"Alen Hanson# (SFG)",NA,"Alen Hanson# (SFG)",310,3,3,44,17,5,74,8,0,9,9,1,0,36,71,4,1.01,3,1,3,2,294,7,79,6,37,142,71,70
"Ian Happ# (CHC)",NA,"Ian Happ# (CHC)",462,0,2,54,19,2,90,15,9,61,70,3,0,56,167,6,0.97,4,1,5,4,387,8,153,9,88,119,58,60
"Bryce Harper* (WSN)",NA,"Bryce Harper* (WSN)",695,0,9,69,34,0,137,34,16,114,130,6,0,103,169,7,0.97,3,1,3,7,550,13,242,11,128,234,115,118
"Josh Harrison (PIT)",NA,"Josh Harrison (PIT)",374,2,5,64,13,1,86,8,1,17,18,5,0,41,68,8,0.81,0,0,4,4,344,3,105,4,60,178,79,98
"Matt Harvey (TOT)",NA,"Matt Harvey (TOT)",57,2,0,4,0,0,4,0,0,2,2,0,0,1,19,2,2,0,0,1,0,53,0,7,0,6,27,18,9
"Matt Harvey (CIN)",NA,"Matt Harvey (CIN)",50,2,0,2,0,0,2,0,0,2,2,0,0,1,17,1,1.9,0,0,1,0,46,0,5,0,4,25,16,8
"Chase Headley# (SDP)",NA,"Chase Headley# (SDP)",60,0,0,5,1,0,6,0,0,6,6,2,0,2,20,3,1.64,0,0,0,0,52,0,14,0,12,23,14,8
"Ryon Healy (SEA)",NA,"Ryon Healy (SEA)",524,0,2,77,15,0,116,24,0,27,27,2,0,51,113,21,1.2,0,0,4,7,493,0,125,7,67,239,130,108
"Adeiny Hechavarria (TOT)",NA,"Adeiny Hechavarria (TOT)",321,2,7,56,11,0,73,6,2,14,16,0,0,34,58,7,0.73,0,0,4,2,296,2,87,2,51,154,64,89
"Adeiny Hechavarria (TOT)",NA,"Adeiny Hechavarria (TOT)",321,2,7,56,11,0,73,6,2,14,16,0,0,34,58,7,0.73,0,0,4,2,296,2,87,2,51,154,64,89
"Adeiny Hechavarria (TOT)",NA,"Adeiny Hechavarria (TOT)",321,2,7,56,11,0,73,6,2,14,16,0,0,34,58,7,0.73,0,0,3,1,296,2,86,1,51,155,65,89
"Adeiny Hechavarria (TOT)",NA,"Adeiny Hechavarria (TOT)",321,2,7,56,11,0,73,6,2,14,16,0,0,34,58,7,0.73,0,0,3,1,296,2,86,1,51,155,65,89
"Adeiny Hechavarria (TOT)",NA,"Adeiny Hechavarria (TOT)",321,2,7,56,11,0,73,6,2,14,16,0,0,34,58,7,0.77,0,0,4,2,296,2,87,2,51,154,66,87
"Adeiny Hechavarria (TOT)",NA,"Adeiny Hechavarria (TOT)",321,2,7,56,11,0,73,6,2,14,16,0,0,34,58,7,0.77,0,0,4,2,296,2,87,2,51,154,66,87
"Adeiny Hechavarria (TOT)",NA,"Adeiny Hechavarria (TOT)",321,2,7,56,11,0,73,6,2,14,16,0,0,34,58,7,0.77,0,0,3,1,296,2,86,1,51,155,67,87
"Adeiny Hechavarria (TOT)",NA,"Adeiny Hechavarria (TOT)",321,2,7,56,11,0,73,6,2,14,16,0,0,34,58,7,0.77,0,0,3,1,296,2,86,1,51,155,67,87
"Adeiny Hechavarria (TOT)",NA,"Adeiny Hechavarria (TOT)",321,2,7,56,11,0,73,6,2,14,16,0,0,34,58,7,0.73,0,0,4,2,296,2,87,2,51,154,64,89
"Adeiny Hechavarria (TOT)",NA,"Adeiny Hechavarria (TOT)",321,2,7,56,11,0,73,6,2,14,16,0,0,34,58,7,0.73,0,0,4,2,296,2,87,2,51,154,64,89
"Adeiny Hechavarria (TOT)",NA,"Adeiny Hechavarria (TOT)",321,2,7,56,11,0,73,6,2,14,16,0,0,34,58,7,0.73,0,0,3,1,296,2,86,1,51,155,65,89
"Adeiny Hechavarria (TOT)",NA,"Adeiny Hechavarria (TOT)",321,2,7,56,11,0,73,6,2,14,16,0,0,34,58,7,0.73,0,0,3,1,296,2,86,1,51,155,65,89
"Adeiny Hechavarria (TOT)",NA,"Adeiny Hechavarria (TOT)",321,2,7,56,11,0,73,6,2,14,16,0,0,34,58,7,0.77,0,0,4,2,296,2,87,2,51,154,66,87
"Adeiny Hechavarria (TOT)",NA,"Adeiny Hechavarria (TOT)",321,2,7,56,11,0,73,6,2,14,16,0,0,34,58,7,0.77,0,0,4,2,296,2,87,2,51,154,66,87
"Adeiny Hechavarria (TOT)",NA,"Adeiny Hechavarria (TOT)",321,2,7,56,11,0,73,6,2,14,16,0,0,34,58,7,0.77,0,0,3,1,296,2,86,1,51,155,67,87
"Adeiny Hechavarria (TOT)",NA,"Adeiny Hechavarria (TOT)",321,2,7,56,11,0,73,6,2,14,16,0,0,34,58,7,0.77,0,0,3,1,296,2,86,1,51,155,67,87
"Adeiny Hechavarria (TOT)",NA,"Adeiny Hechavarria (TOT)",274,2,6,51,7,0,63,5,1,12,13,0,0,32,47,4,0.73,0,0,4,2,253,2,75,2,41,135,56,78
"Adeiny Hechavarria (TOT)",NA,"Adeiny Hechavarria (TOT)",274,2,6,51,7,0,63,5,1,12,13,0,0,32,47,4,0.73,0,0,4,2,253,2,75,2,41,135,56,78
"Adeiny Hechavarria (TOT)",NA,"Adeiny Hechavarria (TOT)",274,2,6,51,7,0,63,5,1,12,13,0,0,32,47,4,0.73,0,0,3,1,253,2,74,1,41,136,57,78
"Adeiny Hechavarria (TOT)",NA,"Adeiny Hechavarria (TOT)",274,2,6,51,7,0,63,5,1,12,13,0,0,32,47,4,0.73,0,0,3,1,253,2,74,1,41,136,57,78
"Adeiny Hechavarria (TOT)",NA,"Adeiny Hechavarria (TOT)",274,2,6,51,7,0,63,5,1,12,13,0,0,32,47,4,0.77,0,0,4,2,253,2,75,2,41,135,58,76
"Adeiny Hechavarria (TOT)",NA,"Adeiny Hechavarria (TOT)",274,2,6,51,7,0,63,5,1,12,13,0,0,32,47,4,0.77,0,0,4,2,253,2,75,2,41,135,58,76
"Adeiny Hechavarria (TOT)",NA,"Adeiny Hechavarria (TOT)",274,2,6,51,7,0,63,5,1,12,13,0,0,32,47,4,0.77,0,0,3,1,253,2,74,1,41,136,59,76
"Adeiny Hechavarria (TOT)",NA,"Adeiny Hechavarria (TOT)",274,2,6,51,7,0,63,5,1,12,13,0,0,32,47,4,0.77,0,0,3,1,253,2,74,1,41,136,59,76
"Adeiny Hechavarria (TOT)",NA,"Adeiny Hechavarria (TOT)",274,2,6,51,7,0,63,5,1,12,13,0,0,32,47,4,0.73,0,0,4,2,253,2,75,2,41,135,56,78
"Adeiny Hechavarria (TOT)",NA,"Adeiny Hechavarria (TOT)",274,2,6,51,7,0,63,5,1,12,13,0,0,32,47,4,0.73,0,0,4,2,253,2,75,2,41,135,56,78
"Adeiny Hechavarria (TOT)",NA,"Adeiny Hechavarria (TOT)",274,2,6,51,7,0,63,5,1,12,13,0,0,32,47,4,0.73,0,0,3,1,253,2,74,1,41,136,57,78
"Adeiny Hechavarria (TOT)",NA,"Adeiny Hechavarria (TOT)",274,2,6,51,7,0,63,5,1,12,13,0,0,32,47,4,0.73,0,0,3,1,253,2,74,1,41,136,57,78
"Adeiny Hechavarria (TOT)",NA,"Adeiny Hechavarria (TOT)",274,2,6,51,7,0,63,5,1,12,13,0,0,32,47,4,0.77,0,0,4,2,253,2,75,2,41,135,58,76
"Adeiny Hechavarria (TOT)",NA,"Adeiny Hechavarria (TOT)",274,2,6,51,7,0,63,5,1,12,13,0,0,32,47,4,0.77,0,0,4,2,253,2,75,2,41,135,58,76
"Adeiny Hechavarria (TOT)",NA,"Adeiny Hechavarria (TOT)",274,2,6,51,7,0,63,5,1,12,13,0,0,32,47,4,0.77,0,0,3,1,253,2,74,1,41,136,59,76
"Adeiny Hechavarria (TOT)",NA,"Adeiny Hechavarria (TOT)",274,2,6,51,7,0,63,5,1,12,13,0,0,32,47,4,0.77,0,0,3,1,253,2,74,1,41,136,59,76
"Adeiny Hechavarria (TBR)",NA,"Adeiny Hechavarria (TBR)",237,2,6,46,7,0,56,3,1,11,12,0,0,29,37,4,0.85,0,0,3,1,217,1,68,1,38,117,53,63
"Austin Hedges (SDP)",NA,"Austin Hedges (SDP)",326,0,1,40,14,2,70,14,3,18,21,1,0,29,90,9,0.81,0,0,3,2,303,3,81,2,50,131,58,72
"Kyle Hendricks (CHC)",NA,"Kyle Hendricks (CHC)",66,4,0,3,1,0,4,0,0,2,2,0,0,1,31,0,2.22,0,0,0,0,60,0,6,0,5,25,17,7
"Guillermo Heredia (SEA)",NA,"Guillermo Heredia (SEA)",337,7,2,49,14,1,69,5,0,32,32,4,0,29,52,4,1.03,4,1,4,4,292,2,104,9,66,163,82,80
"Michael Hermosillo (LAA)",NA,"Michael Hermosillo (LAA)",62,0,0,7,4,0,12,1,0,3,3,2,0,7,17,0,1.55,1,0,0,0,57,0,16,1,8,28,17,10
"Cesar Hernandez# (PHI)",NA,"Cesar Hernandez# (PHI)",708,1,3,120,15,3,153,15,4,91,95,4,0,91,155,12,1.15,6,1,9,5,605,19,246,12,143,276,147,128
"Enrique Hernandez (LAD)",NA,"Enrique Hernandez (LAD)",462,4,5,62,17,3,103,21,5,45,50,1,0,67,78,3,0.74,0,0,3,4,402,3,136,4,65,215,91,123
"Gorkys Hernandez (SFG)",NA,"Gorkys Hernandez (SFG)",451,2,4,64,16,2,97,15,1,26,27,4,0,52,113,14,1.35,5,1,5,2,414,8,118,8,58,185,106,78
"Teoscar Hernandez (TOR)",NA,"Teoscar Hernandez (TOR)",523,0,3,56,29,7,114,22,0,41,41,3,0,67,163,14,0.83,5,0,4,4,476,5,140,9,64,181,82,98
"Dilson Herrera (CIN)",NA,"Dilson Herrera (CIN)",97,0,0,6,5,0,16,5,0,8,8,2,0,11,39,0,0.42,0,0,0,0,87,0,21,0,10,32,9,22
"Odubel Herrera* (PHI)",NA,"Odubel Herrera* (PHI)",597,1,1,96,19,3,140,22,3,35,38,7,0,64,122,11,0.95,2,4,2,3,550,5,165,9,92,275,133,141
"Rosell Herrera# (TOT)",NA,"Rosell Herrera# (TOT)",302,1,2,47,14,3,65,1,0,19,19,2,0,25,57,6,2.08,5,1,4,2,278,3,89,8,56,146,98,47
"Rosell Herrera# (KCR)",NA,"Rosell Herrera# (KCR)",289,1,2,45,14,3,63,1,0,19,19,2,0,25,52,6,2.14,4,1,4,2,265,3,87,7,55,140,95,44
"Chris Herrmann* (SEA)",NA,"Chris Herrmann* (SEA)",87,0,1,10,4,2,18,2,0,10,10,0,0,6,24,0,0.61,0,0,0,1,76,0,26,1,19,34,12,21
"Jason Heyward* (CHC)",NA,"Jason Heyward* (CHC)",490,2,2,84,23,4,119,8,1,41,42,2,1,67,60,7,1.21,1,0,3,1,440,1,159,2,90,251,137,113
"Aaron Hicks# (NYY)",NA,"Aaron Hicks# (NYY)",581,2,6,71,18,3,119,27,1,89,90,3,0,90,111,1,0.87,2,2,6,3,480,11,191,7,94,243,113,129
"John Hicks (DET)",NA,"John Hicks (DET)",312,1,1,53,12,1,75,9,0,22,22,0,0,35,84,9,0.9,1,1,2,4,288,0,90,6,49,118,55,62
"Kyle Higashioka (NYY)",NA,"Kyle Higashioka (NYY)",79,0,0,7,2,0,12,3,0,6,6,1,0,6,16,2,0.39,0,0,0,1,72,0,16,1,9,42,11,30
"Bryan Holaday (MIA)",NA,"Bryan Holaday (MIA)",166,1,2,25,5,0,31,1,2,8,10,2,0,7,29,4,0.77,0,0,1,0,151,0,43,0,36,86,37,48
"Derek Holland# (SFG)",NA,"Derek Holland# (SFG)",56,2,0,2,1,0,3,0,0,1,1,0,0,2,33,1,2.8,0,0,0,0,53,0,4,0,2,16,11,4
"Matt Holliday (COL)",NA,"Matt Holliday (COL)",65,0,0,11,2,0,15,2,0,12,12,0,0,3,18,0,0.9,0,0,1,0,53,0,26,0,23,19,9,10
"Brock Holt* (BOS)",NA,"Brock Holt* (BOS)",367,0,2,62,18,2,89,7,2,35,37,7,0,41,73,7,1.55,7,4,5,4,321,7,131,15,75,147,89,57
"Rhys Hoskins (PHI)",NA,"Rhys Hoskins (PHI)",661,0,5,65,38,0,137,34,2,85,87,9,1,89,150,7,0.59,3,1,5,4,558,5,205,8,108,259,96,162
"Eric Hosmer* (SDP)",NA,"Eric Hosmer* (SDP)",677,0,1,104,31,2,155,18,10,52,62,1,0,72,142,18,2.54,4,1,5,7,613,7,205,12,121,293,210,82
"Nick Hundley (SFG)",NA,"Nick Hundley (SFG)",305,0,0,43,13,2,68,10,2,20,22,1,0,34,85,8,0.94,1,1,1,3,282,2,82,5,43,120,58,61
"Chris Iannetta (COL)",NA,"Chris Iannetta (COL)",360,1,3,42,13,1,67,11,5,45,50,7,0,36,87,13,0.98,0,0,1,1,299,0,114,1,77,131,64,66
"Jose Iglesias (DET)",NA,"Jose Iglesias (DET)",464,3,2,77,31,3,116,5,0,19,19,8,0,43,47,11,0.9,6,0,8,5,432,15,146,11,92,250,118,131
"Ender Inciarte* (ATL)",NA,"Ender Inciarte* (ATL)",660,4,4,115,27,6,158,10,1,48,49,6,0,83,86,6,1,14,2,4,5,597,28,207,21,103,343,171,171
"Austin Jackson (TOT)",NA,"Austin Jackson (TOT)",375,0,1,64,17,1,85,3,2,24,26,1,0,29,133,8,1.06,3,1,3,2,347,3,112,6,77,118,60,57
"Austin Jackson (SFG)",NA,"Austin Jackson (SFG)",165,0,1,28,8,0,36,0,2,12,14,1,0,12,59,4,1.28,1,0,2,0,149,2,53,1,40,48,26,21
"Austin Jackson (NYM)",NA,"Austin Jackson (NYM)",210,0,0,36,9,1,49,3,0,12,12,0,0,17,74,4,0.93,2,1,1,2,198,1,59,5,37,70,33,36
"Travis Jankowski* (SDP)",NA,"Travis Jankowski* (SDP)",387,2,0,71,12,3,90,4,0,37,37,1,0,45,73,7,1.8,7,3,3,5,347,24,127,15,67,174,111,62
"Danny Jansen (TOR)",NA,"Danny Jansen (TOR)",95,0,1,11,6,0,20,3,0,9,9,4,0,12,17,1,0.52,0,0,1,1,81,0,31,1,18,42,14,27
"Jon Jay* (TOT)",NA,"Jon Jay* (TOT)",586,5,3,112,19,7,141,3,0,33,33,18,0,74,95,11,2.08,3,0,5,4,527,4,194,7,113,275,185,89
"Jon Jay* (KCR)",NA,"Jon Jay* (KCR)",266,4,2,61,9,2,73,1,0,19,19,3,0,28,39,4,2.07,2,0,2,3,238,3,96,5,63,120,80,39
"Jon Jay* (ARI)",NA,"Jon Jay* (ARI)",320,1,1,51,10,5,68,2,0,14,14,15,0,46,56,7,2.09,1,0,3,1,289,1,98,2,50,155,104,50
"Adam Jones (BAL)",NA,"Adam Jones (BAL)",613,0,4,113,35,0,163,15,1,23,24,5,0,54,93,21,1.05,1,0,8,3,580,7,185,4,127,295,151,143
"JaCoby Jones (DET)",NA,"JaCoby Jones (DET)",467,1,2,50,22,6,89,11,0,24,24,11,0,54,142,9,0.87,5,3,5,3,429,13,118,11,53,184,85,98
"Caleb Joseph (BAL)",NA,"Caleb Joseph (BAL)",280,1,1,39,14,2,58,3,0,10,10,3,0,28,68,3,0.95,1,0,3,3,265,2,71,4,39,133,64,68
"Matthew Joyce* (OAK)",NA,"Matthew Joyce* (OAK)",246,1,2,27,9,0,43,7,2,33,35,1,0,34,53,3,0.87,2,1,2,2,207,0,74,5,35,106,49,56
"Aaron Judge (NYY)",NA,"Aaron Judge (NYY)",498,0,5,66,22,0,115,27,3,73,76,4,0,77,152,10,1.11,3,1,5,4,413,6,173,8,88,131,68,62
"Matt Kemp (LAD)",NA,"Matt Kemp (LAD)",506,0,7,88,25,0,134,21,2,34,36,1,0,62,115,14,0.87,0,0,2,7,462,0,152,7,83,197,91,105
"Tony Kemp* (HOU)",NA,"Tony Kemp* (HOU)",296,3,1,46,15,0,67,6,1,31,32,3,1,37,44,7,1.14,3,2,1,4,255,9,98,9,52,136,72,63
"Howie Kendrick (WSN)",NA,"Howie Kendrick (WSN)",160,0,1,28,14,0,46,4,1,4,5,2,0,17,29,6,1.36,1,1,1,5,152,1,50,7,26,70,40,29
"Max Kepler* (MIN)",NA,"Max Kepler* (MIN)",611,0,3,65,30,4,119,20,2,69,71,5,0,80,96,8,0.72,5,2,5,2,532,4,180,9,91,304,127,176
"Clayton Kershaw* (LAD)",NA,"Clayton Kershaw* (LAD)",57,4,0,9,2,0,11,0,0,7,7,0,0,1,11,0,3.29,0,0,0,3,46,0,18,3,14,24,18,5
"Spencer Kieboom (WSN)",NA,"Spencer Kieboom (WSN)",143,0,1,22,5,0,29,2,0,16,16,1,0,16,28,2,1.12,0,0,2,0,125,0,46,0,30,64,33,30
"Kevin Kiermaier* (TBR)",NA,"Kevin Kiermaier* (TBR)",367,2,2,44,12,9,72,7,2,23,25,6,0,44,91,4,1.2,5,1,6,4,332,10,102,10,48,159,86,72
"Isiah Kiner-Falefa (TEX)",NA,"Isiah Kiner-Falefa (TEX)",396,5,1,69,18,2,93,4,1,27,28,6,0,43,62,14,1.54,5,1,3,5,356,7,126,11,72,184,111,72
"Scott Kingery (PHI)",NA,"Scott Kingery (PHI)",484,0,5,69,23,2,102,8,1,23,24,3,0,55,126,2,0.62,3,0,2,3,452,10,123,6,62,220,84,135
"Ian Kinsler (TOT)",NA,"Ian Kinsler (TOT)",534,0,3,77,26,0,117,14,0,40,40,4,0,66,64,15,0.73,7,2,4,3,487,16,151,12,73,287,121,165
"Ian Kinsler (LAA)",NA,"Ian Kinsler (LAA)",391,0,2,52,20,0,85,13,0,30,30,4,0,49,40,10,0.71,4,1,4,3,355,9,110,8,53,216,89,126
"Ian Kinsler (BOS)",NA,"Ian Kinsler (BOS)",143,0,1,25,6,0,32,1,0,10,10,0,0,17,24,5,0.8,3,1,0,0,132,7,41,4,20,71,31,39
"Jason Kipnis* (CLE)",NA,"Jason Kipnis* (CLE)",601,1,3,75,28,1,122,18,1,59,60,7,0,65,112,5,0.6,1,0,5,5,530,7,176,6,105,286,107,178
"Andrew Knapp# (PHI)",NA,"Andrew Knapp# (PHI)",215,1,1,25,6,2,37,4,1,23,24,2,0,19,75,2,0.93,0,0,3,2,187,1,62,2,41,70,33,36
"Pete Kozma (DET)",NA,"Pete Kozma (DET)",73,1,1,9,4,1,15,1,0,2,2,0,0,7,15,2,0.82,1,0,3,0,69,0,19,1,11,34,15,18
"Erik Kratz (MIL)",NA,"Erik Kratz (MIL)",219,1,2,36,6,0,48,6,0,6,6,7,0,18,40,8,0.95,0,0,1,1,203,1,56,1,37,106,51,54
"Tommy La Stella* (CHC)",NA,"Tommy La Stella* (CHC)",196,0,0,36,8,0,45,1,1,16,17,2,4,23,27,5,1.86,1,0,1,2,169,0,68,3,42,91,59,31
"Juan Lagares (NYM)",NA,"Juan Lagares (NYM)",64,0,1,18,1,1,20,0,1,2,3,1,0,9,9,2,1.36,1,0,1,0,59,3,25,1,15,27,15,11
"Ryan LaMarre (TOT)",NA,"Ryan LaMarre (TOT)",180,0,3,33,11,0,46,2,0,10,10,2,0,15,53,3,1.03,2,3,0,1,165,2,56,6,35,63,31,31
"Ryan LaMarre (MIN)",NA,"Ryan LaMarre (MIN)",109,0,1,21,5,0,26,0,0,8,8,1,0,7,33,3,0.77,1,2,0,1,99,1,35,4,24,37,16,20
"Ryan LaMarre (CHW)",NA,"Ryan LaMarre (CHW)",71,0,2,12,6,0,20,2,0,2,2,1,0,8,20,0,1.64,1,1,0,0,66,1,21,2,11,26,16,9
"Jake Lamb* (ARI)",NA,"Jake Lamb* (ARI)",238,0,4,32,8,0,46,6,0,26,26,1,0,34,65,4,1.44,2,0,5,2,207,1,72,4,34,87,51,35
"Ramon Laureano (OAK)",NA,"Ramon Laureano (OAK)",176,0,2,27,12,1,45,5,0,16,16,2,0,27,50,0,0.91,1,0,1,0,156,7,59,1,31,60,28,31
"DJ LeMahieu (COL)",NA,"DJ LeMahieu (COL)",581,2,7,98,32,2,147,15,0,37,37,2,0,90,82,14,1.41,5,3,8,5,533,6,179,13,76,282,164,117
"Sandy Leon# (BOS)",NA,"Sandy Leon# (BOS)",288,3,1,30,12,0,47,5,0,15,15,4,0,30,75,6,0.88,0,0,3,2,265,1,64,2,32,134,62,71
"Jon Lester* (CHC)",NA,"Jon Lester* (CHC)",65,6,0,6,0,0,7,1,0,0,0,0,0,4,22,1,3,0,0,2,0,59,0,8,0,4,27,20,6
"Tzu-Wei Lin* (BOS)",NA,"Tzu-Wei Lin* (BOS)",73,0,0,8,6,1,16,1,0,8,8,0,0,15,17,0,0.94,1,0,2,1,65,0,25,2,8,30,14,15
"Francisco Lindor# (CLE)",NA,"Francisco Lindor# (CLE)",745,3,3,101,42,2,183,38,7,63,70,8,0,129,107,5,0.81,10,1,6,10,661,25,229,21,79,360,161,198
"Jose Lobaton# (NYM)",NA,"Jose Lobaton# (NYM)",57,0,1,4,2,1,7,0,0,7,7,0,0,3,15,2,1.9,0,0,1,0,49,0,15,0,12,24,15,8
"Evan Longoria (SFG)",NA,"Evan Longoria (SFG)",512,0,5,72,25,4,117,16,3,19,22,5,0,51,101,11,0.9,1,1,7,2,480,3,135,4,80,244,115,128
"Rafael Lopez* (SDP)",NA,"Rafael Lopez* (SDP)",117,0,2,13,2,0,18,3,3,10,13,0,0,11,43,1,0.57,0,0,0,1,102,1,28,1,16,40,14,25
"Brandon Lowe* (TBR)",NA,"Brandon Lowe* (TBR)",148,0,1,16,6,2,30,6,0,16,16,2,0,16,38,3,1,1,1,1,0,129,2,43,2,25,57,28,28
"Jed Lowrie# (OAK)",NA,"Jed Lowrie# (OAK)",680,0,3,98,37,1,159,23,1,77,78,3,0,78,128,8,0.59,0,0,5,2,596,0,222,2,142,296,109,186
"Jonathan Lucroy (OAK)",NA,"Jonathan Lucroy (OAK)",454,1,6,74,21,1,100,4,1,28,29,3,0,41,65,12,0.94,0,1,3,2,415,0,131,3,87,235,113,121
"Dawel Lugo (DET)",NA,"Dawel Lugo (DET)",101,0,0,14,4,1,20,1,0,7,7,0,0,10,20,2,2.18,0,0,3,2,94,0,29,2,17,49,33,15
"Jordan Luplow (PIT)",NA,"Jordan Luplow (PIT)",103,0,0,10,1,3,17,3,0,10,10,1,0,16,18,7,1.03,2,0,1,1,92,2,26,3,7,49,24,24
"Dixon Machado (DET)",NA,"Dixon Machado (DET)",233,1,1,29,13,1,44,1,1,13,14,3,0,20,41,2,1.06,1,0,1,2,214,1,61,3,38,126,64,61
"Manny Machado (TOT)",NA,"Manny Machado (TOT)",709,0,5,113,35,3,188,37,18,52,70,2,0,84,104,26,0.93,2,0,2,5,632,14,225,7,134,312,150,161
"Manny Machado (BAL)",NA,"Manny Machado (BAL)",413,0,3,69,21,1,115,24,12,33,45,0,0,48,51,14,0.81,1,0,1,3,365,8,137,4,85,184,82,101
"Manny Machado (LAD)",NA,"Manny Machado (LAD)",296,0,2,44,14,2,73,13,6,19,25,2,0,36,53,12,1.14,1,0,1,2,267,6,88,3,49,128,68,59
"Mikie Mahtook (DET)",NA,"Mikie Mahtook (DET)",250,0,3,30,4,2,45,9,1,20,21,3,0,24,66,3,0.98,1,2,4,1,223,4,64,4,36,105,51,53
"Luke Maile (TOR)",NA,"Luke Maile (TOR)",231,0,2,33,13,1,50,3,0,25,25,2,0,22,67,4,0.9,0,0,1,0,202,2,75,0,53,80,37,42
"Martin Maldonado (TOT)",NA,"Martin Maldonado (TOT)",404,2,2,56,18,1,84,9,0,16,16,11,0,39,98,8,0.9,1,1,2,6,373,0,104,8,57,181,85,95
"Martin Maldonado (LAA)",NA,"Martin Maldonado (LAA)",290,1,1,40,14,0,59,5,0,13,13,10,0,24,73,3,0.81,1,1,2,4,265,0,79,6,49,128,57,70
"Martin Maldonado (HOU)",NA,"Martin Maldonado (HOU)",114,1,1,16,4,1,25,4,0,3,3,1,0,15,25,5,1.13,0,0,0,2,108,0,25,2,8,53,28,24
"Trey Mancini (BAL)",NA,"Trey Mancini (BAL)",636,0,5,91,23,3,141,24,1,43,44,5,0,69,153,17,2.02,1,0,5,3,582,0,171,4,98,266,177,88
"Manuel Margot (SDP)",NA,"Manuel Margot (SDP)",519,1,7,75,26,8,117,8,4,28,32,2,0,50,88,9,0.88,10,2,4,6,477,11,147,18,79,259,121,137
"Jake Marisnick (HOU)",NA,"Jake Marisnick (HOU)",236,1,1,26,8,1,45,10,1,14,15,4,1,34,84,6,0.65,2,1,2,0,213,6,57,3,20,76,29,46
"Nick Markakis* (ATL)",NA,"Nick Markakis* (ATL)",705,0,9,126,43,2,185,14,10,62,72,1,0,78,80,18,1.01,1,0,4,4,623,1,248,5,165,336,168,167
"German Marquez (COL)",NA,"German Marquez (COL)",65,5,0,17,0,0,18,1,0,0,0,0,0,4,11,1,3.11,0,0,0,0,60,0,17,0,13,30,22,7
"Deven Marrero (ARI)",NA,"Deven Marrero (ARI)",85,0,1,11,1,1,13,0,0,6,6,0,0,11,23,5,1.32,0,0,0,1,78,3,19,1,7,37,21,15
"Jefry Marte (LAA)",NA,"Jefry Marte (LAA)",209,0,0,27,7,1,42,7,0,13,13,2,0,28,41,6,1.7,1,2,2,1,194,1,52,4,20,103,64,38
"Ketel Marte# (ARI)",NA,"Ketel Marte# (ARI)",580,1,2,83,26,12,135,14,3,51,54,3,0,68,79,12,1.34,1,0,8,11,520,6,186,12,106,286,163,122
"Starling Marte (PIT)",NA,"Starling Marte (PIT)",606,1,3,98,32,5,155,20,2,33,35,8,0,81,109,11,1.24,14,3,9,7,559,33,187,24,82,275,152,122
"Leonys Martin* (TOT)",NA,"Leonys Martin* (TOT)",353,0,2,52,15,3,81,11,1,29,30,3,0,48,77,2,0.56,4,1,4,1,318,7,107,6,53,154,55,98
"Leonys Martin* (DET)",NA,"Leonys Martin* (DET)",336,0,1,49,15,3,76,9,1,28,29,3,0,45,75,1,0.53,3,1,4,1,303,7,103,5,53,147,50,96
"Russell Martin (TOR)",NA,"Russell Martin (TOR)",352,0,0,38,8,0,56,10,0,56,56,7,0,37,82,7,1.31,3,0,5,5,289,0,114,8,69,139,78,60
"J.D. Martinez (BOS)",NA,"J.D. Martinez (BOS)",649,0,7,106,37,2,188,43,11,58,69,4,0,111,146,19,1.13,1,0,9,4,569,6,227,5,111,207,109,97
"Jose Martinez (STL)",NA,"Jose Martinez (STL)",590,2,3,116,30,0,163,17,0,49,49,2,0,64,104,15,1.26,3,1,6,8,534,0,203,12,127,246,137,108
"Victor Martinez# (DET)",NA,"Victor Martinez# (DET)",508,0,7,87,21,0,117,9,4,28,32,2,0,32,49,19,0.93,0,0,6,2,467,0,148,2,114,276,132,143
"Nick Martini* (OAK)",NA,"Nick Martini* (OAK)",179,0,1,32,9,3,45,1,1,20,21,5,0,26,36,0,1.41,0,0,2,0,152,0,72,0,46,69,40,28
"Jeff Mathis (ARI)",NA,"Jeff Mathis (ARI)",218,1,2,28,9,1,39,1,1,19,20,0,0,15,66,7,0.82,0,0,2,3,195,0,60,3,42,81,36,44
"Steven Matz (NYM)",NA,"Steven Matz (NYM)",53,4,0,2,1,0,5,2,0,3,3,0,0,2,13,1,1.54,0,0,0,0,46,0,6,0,4,27,16,10
"Joe Mauer* (MIN)",NA,"Joe Mauer* (MIN)",543,1,3,103,27,1,137,6,5,46,51,2,0,64,86,9,1.79,1,0,2,3,486,0,186,4,118,252,161,90
"Bruce Maxwell* (OAK)",NA,"Bruce Maxwell* (OAK)",58,0,1,5,4,0,10,1,0,2,2,0,0,5,13,3,1.57,0,0,1,1,55,0,12,1,6,28,17,10
"Cameron Maybin (TOT)",NA,"Cameron Maybin (TOT)",384,0,2,65,14,2,85,4,1,37,38,2,0,32,75,7,1.16,5,2,5,12,342,10,126,19,75,170,91,78
"Cameron Maybin (MIA)",NA,"Cameron Maybin (MIA)",287,0,2,47,12,1,63,3,1,31,32,2,0,20,55,3,1.04,5,2,3,10,251,8,97,17,60,127,64,62
"Cameron Maybin (SEA)",NA,"Cameron Maybin (SEA)",97,0,0,18,2,1,22,1,0,6,6,0,0,12,20,4,1.55,0,0,2,2,91,2,29,2,15,43,26,16
"Nomar Mazara* (TEX)",NA,"Nomar Mazara* (TEX)",536,0,3,80,25,1,126,20,2,38,40,4,0,61,116,13,1.65,0,0,4,2,489,1,154,2,91,230,143,86
"Brian McCann* (HOU)",NA,"Brian McCann* (HOU)",216,0,2,30,3,0,40,7,0,19,19,6,0,22,40,7,0.66,1,0,2,0,189,0,60,1,37,100,39,60
"James McCann (DET)",NA,"James McCann (DET)",457,0,2,70,16,0,94,8,0,26,26,2,0,31,116,9,0.69,3,0,4,3,427,0,118,6,81,204,83,120
"Andrew McCutchen (TOT)",NA,"Andrew McCutchen (TOT)",682,0,7,92,30,3,145,20,1,94,95,11,0,83,145,12,0.99,9,3,5,6,569,14,236,18,135,262,130,131
"Andrew McCutchen (SFG)",NA,"Andrew McCutchen (SFG)",568,0,6,78,28,2,123,15,1,72,73,7,0,65,123,11,0.98,6,3,5,4,482,13,193,13,115,220,108,111
"Andrew McCutchen (NYY)",NA,"Andrew McCutchen (NYY)",114,0,1,14,2,1,22,5,0,22,22,4,0,18,22,1,1.05,3,0,0,2,87,1,43,5,20,42,21,20
"Billy McKinney* (TOT)",NA,"Billy McKinney* (TOT)",132,0,1,17,7,0,30,6,0,11,11,1,0,14,33,0,0.76,0,1,0,5,119,1,36,6,16,56,24,31
"Billy McKinney* (TOR)",NA,"Billy McKinney* (TOR)",128,0,1,16,7,0,29,6,0,11,11,1,0,14,32,0,0.76,0,1,0,5,115,1,35,6,15,54,23,30
"Ryan McMahon* (COL)",NA,"Ryan McMahon* (COL)",202,0,1,27,9,1,42,5,2,16,18,2,0,17,64,0,1.3,0,0,1,0,181,1,58,0,41,74,41,32
"Jeff McNeil* (NYM)",NA,"Jeff McNeil* (NYM)",248,4,0,54,11,6,74,3,1,13,14,5,0,35,24,2,0.76,1,0,3,3,225,7,93,4,54,122,52,69
"Austin Meadows* (TOT)",NA,"Austin Meadows* (TOT)",191,0,2,34,9,2,51,6,2,8,10,1,0,19,40,1,0.75,1,0,2,2,178,5,58,3,36,84,36,48
"Austin Meadows* (PIT)",NA,"Austin Meadows* (PIT)",165,0,2,30,8,2,45,5,2,6,8,1,0,16,35,1,0.73,1,0,2,2,154,4,51,3,32,71,29,41
"Francisco Mejia# (TOT)",NA,"Francisco Mejia# (TOT)",62,0,0,5,2,0,10,3,0,5,5,1,0,6,19,2,1.64,0,0,0,0,56,0,13,0,7,25,15,9
"Francisco Mejia# (SDP)",NA,"Francisco Mejia# (SDP)",58,0,0,5,2,0,10,3,0,3,3,1,0,6,19,2,1.7,0,0,0,0,54,0,11,0,5,23,14,8
"Jordy Mercer (PIT)",NA,"Jordy Mercer (PIT)",436,1,3,62,29,2,99,6,9,23,32,6,0,43,87,12,0.87,0,0,2,3,394,2,133,3,87,194,90,103
"Whit Merrifield (KCR)",NA,"Whit Merrifield (KCR)",707,2,6,134,43,3,192,12,2,59,61,6,0,88,114,12,0.7,10,5,2,9,632,45,249,24,137,312,128,183
"Devin Mesoraco (TOT)",NA,"Devin Mesoraco (TOT)",274,0,1,33,10,0,54,11,3,22,25,4,0,24,52,9,0.73,0,0,1,0,244,0,73,0,49,128,54,73
"Devin Mesoraco (NYM)",NA,"Devin Mesoraco (NYM)",229,0,1,27,8,0,45,10,3,20,23,2,0,23,42,7,0.64,0,0,1,0,203,0,61,0,38,108,42,65
"Miles Mikolas (STL)",NA,"Miles Mikolas (STL)",71,5,1,6,1,0,9,2,0,2,2,0,0,4,33,0,2,0,0,0,0,63,0,9,0,5,21,14,7
"Brad Miller* (TOT)",NA,"Brad Miller* (TOT)",254,0,2,35,13,2,57,7,1,21,22,0,0,21,82,4,0.94,0,1,3,3,230,0,75,4,50,84,40,43
"Brad Miller* (TBR)",NA,"Brad Miller* (TBR)",174,0,2,24,10,1,40,5,0,16,16,0,0,16,51,2,0.66,0,1,3,2,156,0,54,3,35,60,23,36
"Brad Miller* (MIL)",NA,"Brad Miller* (MIL)",80,0,0,11,3,1,17,2,1,5,6,0,0,5,31,2,2.22,0,0,0,1,74,0,21,1,15,24,16,7
"Yadier Molina (STL)",NA,"Yadier Molina (STL)",503,0,6,80,20,0,120,20,0,29,29,9,0,55,66,15,0.91,3,1,4,4,459,4,142,8,79,254,121,132
"Yoan Moncada# (CHW)",NA,"Yoan Moncada# (CHW)",650,2,2,81,32,6,136,17,1,66,67,1,0,73,217,4,0.69,6,1,4,8,578,12,191,15,103,217,88,128
"Adalberto Mondesi# (KCR)",NA,"Adalberto Mondesi# (KCR)",291,3,1,46,13,3,76,14,0,11,11,1,0,47,77,2,0.85,7,1,5,3,275,32,79,11,21,115,52,62
"Kendrys Morales# (TOR)",NA,"Kendrys Morales# (TOR)",471,0,5,67,15,0,103,21,5,45,50,3,0,47,95,15,1.35,3,0,2,4,413,2,137,7,83,198,113,84
"Colin Moran* (PIT)",NA,"Colin Moran* (PIT)",465,0,7,84,19,1,115,11,4,35,39,4,0,49,82,6,1.06,2,0,5,5,415,0,152,7,96,207,106,100
"Mitch Moreland* (BOS)",NA,"Mitch Moreland* (BOS)",459,0,5,57,23,4,99,15,2,48,50,0,0,57,102,12,1.28,0,0,2,3,404,2,136,3,76,189,106,82
"Max Moroff# (PIT)",NA,"Max Moroff# (PIT)",67,0,0,7,1,0,11,3,1,6,7,1,0,7,24,0,0.92,0,0,0,0,59,0,16,0,9,24,11,12
"Logan Morrison* (MIN)",NA,"Logan Morrison* (MIN)",359,0,1,31,13,0,59,15,0,34,34,6,0,41,80,3,0.7,0,1,1,3,318,1,85,4,40,175,72,102
"Mike Moustakas* (TOT)",NA,"Mike Moustakas* (TOT)",635,0,6,82,33,1,144,28,5,44,49,7,0,66,103,13,0.62,1,1,5,7,573,4,177,9,102,308,117,190
"Mike Moustakas* (KCR)",NA,"Mike Moustakas* (KCR)",417,0,4,52,21,1,94,20,3,27,30,5,0,46,63,10,0.62,0,1,5,4,378,3,114,5,63,206,78,127
"Mike Moustakas* (MIL)",NA,"Mike Moustakas* (MIL)",218,0,2,30,12,0,50,8,2,17,19,2,0,20,40,3,0.61,1,0,0,3,195,1,63,4,39,102,38,63
"Cedric Mullins# (BAL)",NA,"Cedric Mullins# (BAL)",191,2,0,27,9,0,40,4,0,17,17,2,0,23,37,1,1.18,3,1,2,0,170,2,57,4,30,90,48,41
"Max Muncy* (LAD)",NA,"Max Muncy* (LAD)",481,0,2,50,17,2,104,35,6,73,79,5,0,75,131,4,0.74,0,1,2,6,395,3,155,7,73,154,65,88
"Yairo Munoz (STL)",NA,"Yairo Munoz (STL)",329,0,2,57,16,0,81,8,7,23,30,4,0,39,71,3,1.65,6,0,3,4,293,5,110,10,61,135,84,50
"Daniel Murphy* (TOT)",NA,"Daniel Murphy* (TOT)",351,0,3,71,15,0,98,12,2,18,20,0,0,40,40,5,0.69,0,0,1,5,328,3,107,5,62,184,75,108
"Daniel Murphy* (WSN)",NA,"Daniel Murphy* (WSN)",205,0,2,42,9,0,57,6,2,11,13,0,0,17,17,4,0.71,0,0,0,3,190,1,64,3,44,112,46,65
"Daniel Murphy* (CHC)",NA,"Daniel Murphy* (CHC)",146,0,1,29,6,0,41,6,0,7,7,0,0,23,23,1,0.65,0,0,1,2,138,2,43,2,18,72,28,43
"John Ryan Murphy (ARI)",NA,"John Ryan Murphy (ARI)",223,2,1,24,9,0,42,9,1,10,11,1,0,19,71,1,0.56,0,0,2,2,208,0,47,2,26,92,33,58
"Tom Murphy (COL)",NA,"Tom Murphy (COL)",96,0,0,11,7,1,21,2,1,2,3,0,0,5,44,2,1,1,0,0,0,93,0,22,1,16,26,13,13
"Wil Myers (SDP)",NA,"Wil Myers (SDP)",343,0,1,42,25,1,79,11,1,29,30,0,0,39,94,10,1.3,1,1,4,3,312,13,102,5,58,125,70,54
"Tyler Naquin* (CLE)",NA,"Tyler Naquin* (CLE)",183,0,1,36,7,0,46,3,1,5,6,2,0,22,42,1,1.42,1,1,3,1,174,1,54,3,29,82,48,33
"Omar Narvaez* (CHW)",NA,"Omar Narvaez* (CHW)",322,2,0,53,14,1,77,9,1,37,38,2,0,30,65,5,1.23,2,1,3,4,280,0,111,7,74,130,71,58
"Sean Newcomb* (ATL)",NA,"Sean Newcomb* (ATL)",53,7,0,1,1,0,2,0,0,1,1,0,0,3,32,0,8,0,0,0,0,45,0,3,0,0,11,9,1
"Kevin Newman (PIT)",NA,"Kevin Newman (PIT)",97,0,1,17,2,0,19,0,1,3,4,1,0,7,23,2,1.83,1,0,1,2,91,0,25,3,15,46,29,16
"Tomas Nido (NYM)",NA,"Tomas Nido (NYM)",90,0,2,10,3,0,14,1,0,4,4,0,0,10,27,4,1.35,0,0,2,0,84,0,19,0,9,37,21,15
"Brandon Nimmo* (NYM)",NA,"Brandon Nimmo* (NYM)",535,0,0,61,28,8,114,17,2,78,80,22,0,77,140,8,1.24,6,1,5,5,433,9,204,12,115,166,91,74
"Aaron Nola (PHI)",NA,"Aaron Nola (PHI)",70,7,0,2,1,0,3,0,0,1,1,0,0,0,36,3,4.33,0,0,1,0,62,0,5,0,5,19,15,3
"Ivan Nova (PIT)",NA,"Ivan Nova (PIT)",56,3,0,1,0,0,1,0,0,0,0,0,0,1,30,1,3.33,0,0,0,0,53,0,1,0,0,21,16,4
"Eduardo Nunez (BOS)",NA,"Eduardo Nunez (BOS)",502,1,3,91,23,3,127,10,0,16,16,2,0,56,69,17,1.16,2,1,7,7,480,7,142,10,76,260,139,120
"Renato Nunez (TOT)",NA,"Renato Nunez (TOT)",261,0,2,39,14,0,61,8,0,19,19,4,0,28,62,4,0.7,0,0,3,2,236,0,79,2,49,106,43,62
"Renato Nunez (BAL)",NA,"Renato Nunez (BAL)",220,0,1,35,13,0,55,7,0,16,16,3,0,26,50,4,0.74,0,0,2,2,200,0,69,2,41,89,37,51
"Peter O'Brien (MIA)",NA,"Peter O'Brien (MIA)",74,0,1,9,5,0,18,4,0,7,7,0,0,8,22,2,0.81,0,0,0,0,66,0,21,0,13,24,10,13
"Ryan O'Hearn* (KCR)",NA,"Ryan O'Hearn* (KCR)",170,0,0,15,10,2,39,12,0,20,20,1,0,23,45,0,0.78,0,0,0,3,149,0,48,3,22,65,28,36
"Tyler O'Neill (STL)",NA,"Tyler O'Neill (STL)",142,0,2,19,5,0,33,9,0,7,7,3,0,29,57,0,0.31,0,0,2,1,130,2,36,1,6,38,8,29
"Rougned Odor* (TEX)",NA,"Rougned Odor* (TEX)",535,2,5,77,23,2,120,18,2,41,43,11,0,76,127,5,0.89,12,7,3,6,474,12,159,25,58,219,103,115
"Shohei Ohtani* (LAA)",NA,"Shohei Ohtani* (LAA)",368,0,1,48,21,2,93,22,2,35,37,2,1,59,102,2,1.14,4,1,1,1,326,10,112,6,47,128,68,59
"Matt Olson* (OAK)",NA,"Matt Olson* (OAK)",660,0,2,81,33,0,143,29,3,67,70,8,0,85,163,13,0.75,1,0,7,7,580,2,199,8,106,254,108,145
"Paulo Orlando (KCR)",NA,"Paulo Orlando (KCR)",93,0,0,12,3,0,15,0,0,3,3,0,0,6,25,3,1.08,0,0,2,0,90,0,20,0,14,45,23,21
"Rafael Ortega* (MIA)",NA,"Rafael Ortega* (MIA)",143,0,0,27,3,1,31,0,0,10,10,0,0,10,23,5,0.95,2,1,1,2,133,5,42,5,27,73,35,37
"Jose Osuna (PIT)",NA,"Jose Osuna (PIT)",111,0,1,12,9,0,24,3,0,3,3,1,0,14,22,2,1,0,0,2,2,106,0,27,2,11,56,28,28
"Chris Owings (ARI)",NA,"Chris Owings (ARI)",309,0,2,39,15,0,58,4,4,20,24,2,0,34,75,4,0.83,4,1,4,2,281,11,84,7,43,140,63,76
"Marcell Ozuna (STL)",NA,"Marcell Ozuna (STL)",629,0,4,122,16,2,163,23,2,36,38,3,1,69,110,10,1.08,0,0,5,4,582,3,187,4,114,294,152,141
"Daniel Palka* (CHW)",NA,"Daniel Palka* (CHW)",449,0,0,55,15,3,100,27,3,27,30,2,0,56,153,7,1.27,1,0,7,2,417,2,112,3,53,150,83,66
"Joe Panik* (SFG)",NA,"Joe Panik* (SFG)",392,1,4,72,14,1,91,4,3,23,26,3,0,38,30,10,1.25,2,1,2,2,358,4,118,5,75,225,125,100
"Gerardo Parra* (COL)",NA,"Gerardo Parra* (COL)",443,2,3,91,17,0,114,6,3,29,32,5,0,52,75,6,1.22,4,1,5,10,401,11,150,15,83,201,110,90
"Steve Pearce (TOT)",NA,"Steve Pearce (TOT)",251,0,2,35,14,1,61,11,0,29,29,5,0,35,41,2,0.95,0,0,5,4,215,0,89,4,50,106,51,54
"Steve Pearce (TOR)",NA,"Steve Pearce (TOR)",86,0,0,13,6,0,23,4,0,7,7,0,0,16,14,1,0.78,0,0,3,2,79,0,29,2,11,38,16,21
"Steve Pearce (BOS)",NA,"Steve Pearce (BOS)",165,0,2,22,8,1,38,7,0,22,22,5,0,19,27,1,1.06,0,0,2,2,136,0,60,2,39,68,34,33
"Joc Pederson* (LAD)",NA,"Joc Pederson* (LAD)",443,1,3,43,27,3,98,25,3,37,40,4,0,65,85,6,0.89,5,2,2,1,395,1,119,8,46,204,96,107
"Francisco Pena (STL)",NA,"Francisco Pena (STL)",142,0,2,22,3,0,27,2,3,3,6,1,0,10,43,5,1.76,0,0,1,1,133,1,33,1,22,57,36,20
"Hunter Pence (SFG)",NA,"Hunter Pence (SFG)",248,0,2,37,11,1,53,4,1,10,11,0,0,19,59,1,1.09,1,0,6,0,235,5,66,1,46,116,60,55
"David Peralta* (ARI)",NA,"David Peralta* (ARI)",614,0,2,104,25,5,164,30,4,44,48,4,0,75,124,14,1.46,0,1,4,5,560,4,190,6,109,254,150,103
"Jose Peraza (CIN)",NA,"Jose Peraza (CIN)",683,8,5,133,31,4,182,14,4,25,29,9,0,85,75,12,0.74,6,2,4,6,632,23,210,14,111,359,152,206
"Carlos Perez (TOT)",NA,"Carlos Perez (TOT)",75,2,0,7,2,0,10,1,0,2,2,1,0,1,21,4,0.73,0,0,0,0,70,1,12,0,11,35,14,20
"Carlos Perez (TEX)",NA,"Carlos Perez (TEX)",53,2,0,4,2,0,7,1,0,1,1,1,0,1,15,3,0.68,0,0,0,0,49,1,8,0,7,24,9,14
"Hernan Perez (MIL)",NA,"Hernan Perez (MIL)",334,0,1,58,11,2,80,9,1,16,17,0,0,36,71,6,0.81,3,1,8,1,316,11,96,5,55,151,67,83
"Michael Perez* (TBR)",NA,"Michael Perez* (TBR)",80,1,2,15,5,0,21,1,0,3,3,0,0,9,19,0,0.5,0,0,1,1,74,0,24,1,14,33,11,22
"Roberto Perez (CLE)",NA,"Roberto Perez (CLE)",210,7,2,18,9,1,30,2,0,21,21,1,0,16,70,6,1.53,0,0,3,0,179,1,53,0,37,70,42,27
"Salvador Perez (KCR)",NA,"Salvador Perez (KCR)",544,0,5,70,23,0,120,27,0,17,17,12,0,52,108,19,0.72,1,0,6,4,510,1,128,5,71,257,107,149
"Jace Peterson* (TOT)",NA,"Jace Peterson* (TOT)",246,1,1,24,13,2,42,3,0,31,31,3,0,21,58,8,1.18,3,0,0,3,210,13,73,6,46,102,55,46
"Jace Peterson* (BAL)",NA,"Jace Peterson* (BAL)",235,1,1,21,13,2,39,3,0,30,30,3,0,21,55,8,1.15,2,0,0,3,200,13,69,5,43,98,52,45
"Gregorio Petit (MIN)",NA,"Gregorio Petit (MIN)",67,0,0,13,2,0,15,0,0,6,6,0,0,7,14,0,0.52,1,0,0,0,61,3,21,1,13,32,10,21
"Tommy Pham (TOT)",NA,"Tommy Pham (TOT)",570,0,3,91,18,6,136,21,2,65,67,6,0,102,140,18,1.46,7,6,4,5,494,15,192,18,72,196,116,79
"Tommy Pham (STL)",NA,"Tommy Pham (STL)",396,0,1,62,11,0,87,14,1,41,42,2,0,67,97,12,1.63,6,4,4,4,351,10,121,14,40,151,93,57
"Tommy Pham (TBR)",NA,"Tommy Pham (TBR)",174,0,2,29,7,6,49,7,1,24,25,4,0,35,43,6,1.07,1,2,0,1,143,5,71,4,32,45,23,21
"Josh Phegley (OAK)",NA,"Josh Phegley (OAK)",102,0,2,10,7,0,19,2,0,6,6,1,0,13,27,3,0.89,0,0,2,0,93,0,26,0,13,42,19,22
"Brett Phillips* (TOT)",NA,"Brett Phillips* (TOT)",147,0,1,16,4,3,25,2,0,11,11,1,0,15,61,2,1.23,1,0,2,2,134,1,37,3,19,44,24,19
"Brett Phillips* (KCR)",NA,"Brett Phillips* (KCR)",123,0,1,13,4,2,21,2,0,9,9,1,0,13,50,1,1.05,1,0,2,2,112,1,31,3,15,38,19,18
"Kevin Pillar (TOR)",NA,"Kevin Pillar (TOR)",542,0,6,72,40,2,129,15,0,18,18,6,0,65,98,8,0.66,3,1,10,4,512,14,148,8,75,267,106,160
"Manny Pina (MIL)",NA,"Manny Pina (MIL)",337,1,4,53,13,2,77,9,3,18,21,5,0,39,62,13,1.15,0,0,4,2,306,2,98,2,57,150,80,69
"Chad Pinder (OAK)",NA,"Chad Pinder (OAK)",333,2,0,51,12,1,77,13,1,26,27,6,0,43,88,4,0.9,2,0,2,4,298,0,99,6,50,127,60,66
"Jose Pirela (SDP)",NA,"Jose Pirela (SDP)",473,0,2,79,23,2,109,5,1,29,30,3,0,54,89,10,1.42,3,2,1,8,438,6,138,13,71,229,134,94
"Stephen Piscotty (OAK)",NA,"Stephen Piscotty (OAK)",605,0,5,78,41,0,146,27,0,42,42,12,0,78,114,21,1.26,0,0,4,6,546,2,177,6,93,261,145,115
"Kevin Plawecki (NYM)",NA,"Kevin Plawecki (NYM)",277,1,1,28,13,2,50,7,2,26,28,9,0,33,65,12,1.22,1,1,4,1,238,0,84,3,48,107,58,48
"Gregory Polanco* (PIT)",NA,"Gregory Polanco* (PIT)",538,0,7,56,32,6,117,23,5,56,61,3,3,75,117,11,0.7,2,0,1,8,461,12,162,10,77,215,88,126
"Jorge Polanco# (MIN)",NA,"Jorge Polanco# (MIN)",333,3,1,60,18,3,87,6,0,25,25,2,0,38,62,5,0.76,7,3,0,4,302,7,108,14,56,148,63,84
"A.J. Pollock (ARI)",NA,"A.J. Pollock (ARI)",460,1,7,59,21,5,106,21,2,29,31,8,0,61,100,6,0.85,2,1,1,4,413,13,125,7,57,200,91,108
"Buster Posey (SFG)",NA,"Buster Posey (SFG)",448,0,2,85,22,1,113,5,3,42,45,3,0,47,53,12,1.22,2,0,2,2,398,3,158,4,107,218,119,98
"Martin Prado (MIA)",NA,"Martin Prado (MIA)",209,0,0,38,9,0,48,1,0,11,11,1,0,16,35,5,1.02,1,0,4,2,197,1,63,3,44,105,53,51
"Jurickson Profar# (TEX)",NA,"Jurickson Profar# (TEX)",594,0,4,72,35,6,133,20,1,53,54,12,0,82,88,9,0.99,0,0,3,4,524,10,182,4,96,291,144,146
"Yasiel Puig (LAD)",NA,"Yasiel Puig (LAD)",444,0,2,63,21,1,108,23,2,34,36,1,0,60,87,15,1.02,5,2,5,8,405,15,127,15,52,190,95,94
"Albert Pujols (LAA)",NA,"Albert Pujols (LAA)",498,0,3,75,20,0,114,19,3,25,28,2,0,50,65,12,0.92,0,0,8,6,465,1,133,6,77,266,127,138
"Roman Quinn# (PHI)",NA,"Roman Quinn# (PHI)",143,1,0,22,6,4,34,2,0,10,10,1,0,13,35,1,1.03,4,1,3,3,131,10,46,8,25,58,29,28
"Jose Quintana (CHC)",NA,"Jose Quintana (CHC)",58,6,0,4,0,0,4,0,0,0,0,0,0,0,26,3,6.5,0,0,0,0,52,0,4,0,4,19,16,2
"Hanley Ramirez (BOS)",NA,"Hanley Ramirez (BOS)",195,0,2,32,7,0,45,6,0,14,14,2,0,25,35,9,1.29,1,0,4,1,177,4,59,2,32,84,47,36
"Jose Ramirez# (CLE)",NA,"Jose Ramirez# (CLE)",698,0,6,75,38,4,156,39,15,91,106,8,0,110,80,2,0.6,6,2,5,4,578,34,236,12,114,335,125,209
"Wilson Ramos (TOT)",NA,"Wilson Ramos (TOT)",416,0,2,79,22,1,117,15,2,30,32,0,0,39,80,20,2.09,0,0,3,5,382,0,137,5,93,162,109,52
"Wilson Ramos (TBR)",NA,"Wilson Ramos (TBR)",315,0,0,59,14,0,87,14,1,21,22,0,0,30,61,17,1.91,0,0,2,3,293,0,97,3,64,126,82,43
"Wilson Ramos (PHI)",NA,"Wilson Ramos (PHI)",101,0,2,20,8,1,30,1,1,9,10,0,0,9,19,3,3,0,0,1,2,89,0,40,2,29,36,27,9
"J.T. Realmuto (MIA)",NA,"J.T. Realmuto (MIA)",533,0,4,78,30,3,132,21,0,38,38,10,2,74,104,9,0.79,2,1,4,1,477,3,165,4,87,228,100,127
"Josh Reddick* (HOU)",NA,"Josh Reddick* (HOU)",489,1,2,73,13,2,105,17,3,46,49,0,2,63,77,9,0.75,2,2,4,4,433,7,143,8,72,238,102,136
"Rob Refsnyder (TBR)",NA,"Rob Refsnyder (TBR)",104,0,0,9,3,0,14,2,0,18,18,0,1,10,26,5,1.13,2,1,0,2,84,0,31,5,16,39,20,18
"Anthony Rendon (WSN)",NA,"Anthony Rendon (WSN)",597,0,8,93,44,2,163,24,5,50,55,5,0,88,82,5,0.59,1,1,2,0,529,2,201,2,111,277,102,174
"Hunter Renfroe (SDP)",NA,"Hunter Renfroe (SDP)",441,0,5,50,23,1,100,26,2,28,30,3,0,53,109,9,0.77,1,0,6,2,403,2,113,3,57,179,77,101
"Franmil Reyes (SDP)",NA,"Franmil Reyes (SDP)",285,0,0,48,9,0,73,16,0,24,24,0,0,36,80,5,1.76,0,1,3,2,261,0,84,3,45,100,63,36
"Jose Reyes# (NYM)",NA,"Jose Reyes# (NYM)",251,1,0,24,12,3,43,4,1,21,22,0,0,30,39,5,1.05,2,1,2,0,228,5,63,3,30,139,71,67
"Pablo Reyes (PIT)",NA,"Pablo Reyes (PIT)",63,0,0,12,2,0,17,3,0,5,5,0,0,9,11,2,1.21,1,0,1,0,58,0,20,1,10,27,14,12
"Victor Reyes# (DET)",NA,"Victor Reyes# (DET)",219,1,1,38,5,3,47,1,0,5,5,0,0,35,46,4,1.25,1,1,5,2,212,9,56,4,17,110,61,48
"Mark Reynolds (WSN)",NA,"Mark Reynolds (WSN)",235,0,3,30,8,0,51,13,1,23,24,2,0,26,64,8,1.06,0,0,1,1,206,0,65,1,38,82,42,39
"Clayton Richard* (SDP)",NA,"Clayton Richard* (SDP)",51,6,0,2,1,0,4,1,0,2,2,1,0,3,24,0,3,0,0,0,1,42,0,6,1,2,14,10,3
"Joey Rickard (BAL)",NA,"Joey Rickard (BAL)",230,0,0,33,10,1,52,8,0,15,15,2,0,27,55,3,0.68,2,2,1,3,213,4,62,7,28,102,41,60
"JT Riddle* (MIA)",NA,"JT Riddle* (MIA)",332,3,1,48,10,4,71,9,1,19,20,0,0,28,67,4,1.31,3,0,2,3,308,0,84,6,50,164,93,70
"Rene Rivera (TOT)",NA,"Rene Rivera (TOT)",91,0,0,12,4,0,20,4,0,4,4,1,0,8,35,3,0.74,0,0,1,1,86,0,22,1,13,27,11,15
"Rene Rivera (LAA)",NA,"Rene Rivera (LAA)",87,0,0,12,4,0,20,4,0,4,4,1,0,8,32,3,0.78,0,0,1,1,82,0,22,1,13,26,11,14
"Yadiel Rivera (MIA)",NA,"Yadiel Rivera (MIA)",160,0,2,20,3,0,24,1,3,16,19,0,0,13,51,3,1.43,1,1,1,0,139,2,43,2,28,60,35,24
"Anthony Rizzo* (CHC)",NA,"Anthony Rizzo* (CHC)",665,0,9,105,29,1,160,25,15,55,70,20,0,74,80,11,0.8,4,2,5,11,566,6,230,17,139,310,137,172
"Tanner Roark (WSN)",NA,"Tanner Roark (WSN)",65,5,0,8,2,1,11,0,0,1,1,1,0,6,19,1,9.67,0,0,2,0,58,0,15,0,9,25,22,2
"Daniel Robertson (TBR)",NA,"Daniel Robertson (TBR)",340,0,2,49,16,0,74,9,0,43,43,13,0,46,77,7,1.36,2,1,3,4,282,2,124,7,71,121,69,51
"Drew Robinson* (TEX)",NA,"Drew Robinson* (TEX)",125,0,0,14,3,0,20,3,0,16,16,0,0,20,57,0,1.29,1,0,0,1,109,2,33,2,11,32,18,13
"Shane Robinson (NYY)",NA,"Shane Robinson (NYY)",54,1,0,5,1,0,7,1,0,4,4,0,0,8,6,2,1.17,0,0,0,0,49,1,10,0,2,34,18,15
"Victor Robles (WSN)",NA,"Victor Robles (WSN)",66,0,1,10,3,1,17,3,0,4,4,2,0,8,12,2,0.5,2,2,0,0,59,3,20,4,8,28,9,18
"Ronny Rodriguez (DET)",NA,"Ronny Rodriguez (DET)",206,3,2,30,7,0,42,5,0,10,10,0,0,17,42,7,1.11,0,0,2,2,191,2,49,2,30,98,51,46
"Sean Rodriguez (PIT)",NA,"Sean Rodriguez (PIT)",173,0,0,14,5,1,25,5,1,21,22,1,0,21,60,1,0.58,0,0,0,1,150,1,43,1,21,64,23,40
"Miguel Rojas (MIA)",NA,"Miguel Rojas (MIA)",529,2,4,99,13,0,123,11,2,22,24,9,1,44,69,23,1.28,3,2,10,7,488,6,156,12,100,263,147,115
"Andrew Romine# (SEA)",NA,"Andrew Romine# (SEA)",131,4,0,22,2,1,25,0,0,7,7,1,0,15,39,2,1.14,0,0,1,1,119,1,34,1,18,52,27,24
"Austin Romine (NYY)",NA,"Austin Romine (NYY)",265,1,3,37,12,0,59,10,0,17,17,2,0,30,67,10,1.56,0,0,3,1,242,1,71,1,40,103,62,40
"Jose Rondon (CHW)",NA,"Jose Rondon (CHW)",107,0,0,11,6,0,23,6,0,7,7,0,0,15,30,3,0.92,1,0,2,1,100,2,26,2,9,42,20,21
"Amed Rosario (NYM)",NA,"Amed Rosario (NYM)",592,3,3,99,26,8,142,9,4,25,29,3,0,76,119,9,1.28,11,3,6,5,554,24,171,19,76,278,156,121
"Eddie Rosario* (MIN)",NA,"Eddie Rosario* (MIN)",592,1,2,104,31,2,161,24,5,25,30,0,0,87,104,4,0.72,2,3,1,5,559,8,168,10,71,289,120,168
"Ryan Rua (TEX)",NA,"Ryan Rua (TEX)",147,2,1,17,3,1,27,6,0,5,5,0,0,17,53,2,0.94,1,0,2,1,139,3,28,2,9,55,26,28
"Addison Russell (CHC)",NA,"Addison Russell (CHC)",465,1,2,78,21,1,105,5,2,38,40,2,0,52,99,7,0.81,0,3,5,4,420,4,147,7,88,204,91,112
"Tyler Saladino (TOT)",NA,"Tyler Saladino (TOT)",139,2,1,22,4,0,31,5,0,9,9,1,0,13,41,3,0.77,2,1,0,2,126,2,36,5,18,51,22,28
"Tyler Saladino (MIL)",NA,"Tyler Saladino (MIL)",130,1,1,21,3,0,29,5,0,9,9,1,0,11,38,3,0.71,2,1,0,2,118,2,34,5,18,48,19,28
"Adrian Sanchez (WSN)",NA,"Adrian Sanchez (WSN)",59,0,0,13,2,1,16,0,0,1,1,0,0,8,8,0,0.89,0,0,1,0,58,0,18,0,10,33,15,17
"Carlos Sanchez# (CHW)",NA,"Carlos Sanchez# (CHW)",662,2,3,93,34,10,145,8,0,49,49,8,0,62,138,9,1.44,6,1,8,7,600,14,202,14,126,300,177,122
"Gary Sanchez (NYY)",NA,"Gary Sanchez (NYY)",374,0,2,25,17,0,60,18,0,46,46,3,0,51,94,10,1.18,0,0,2,1,323,1,93,1,41,157,84,72
"Pablo Sandoval# (SFG)",NA,"Pablo Sandoval# (SFG)",252,0,1,37,10,1,57,9,2,17,19,2,0,22,52,9,1.46,0,0,3,0,230,0,72,0,50,109,64,44
"Miguel Sano (MIN)",NA,"Miguel Sano (MIN)",299,0,2,26,14,0,53,13,0,31,31,0,0,32,115,7,0.98,0,1,0,3,266,0,71,4,35,91,45,45
"Carlos Santana# (PHI)",NA,"Carlos Santana# (PHI)",679,0,8,74,28,2,128,24,6,104,110,1,0,82,93,12,0.93,1,0,5,6,560,2,220,7,131,322,155,166
"Domingo Santana (MIL)",NA,"Domingo Santana (MIL)",235,0,3,36,14,1,56,5,1,19,20,1,0,21,77,3,1.31,1,3,4,1,211,1,76,5,50,71,40,30
"Anthony Santander# (BAL)",NA,"Anthony Santander# (BAL)",108,0,0,13,5,1,20,1,0,6,6,1,0,8,21,1,0.7,0,0,0,0,101,1,26,0,18,59,24,34
"Scott Schebler* (CIN)",NA,"Scott Schebler* (CIN)",430,0,2,61,19,0,97,17,1,38,39,9,0,55,99,5,1.21,2,0,4,1,380,4,132,3,74,175,95,79
"Max Scherzer (WSN)",NA,"Max Scherzer (WSN)",78,5,0,15,2,0,17,0,0,1,1,2,0,8,14,1,3,0,1,2,0,70,1,22,1,13,36,27,9
"Jonathan Schoop (TOT)",NA,"Jonathan Schoop (TOT)",501,1,4,66,22,1,110,21,2,17,19,4,0,61,115,11,1.24,1,1,4,4,473,1,116,6,49,233,128,104
"Jonathan Schoop (BAL)",NA,"Jonathan Schoop (BAL)",367,1,2,49,18,1,85,17,1,11,12,3,0,45,74,8,1.17,1,1,3,3,349,0,86,5,36,179,96,82
"Jonathan Schoop (MIL)",NA,"Jonathan Schoop (MIL)",134,0,2,17,4,0,25,4,1,6,7,1,0,16,41,3,1.48,0,0,1,1,124,1,30,1,13,54,32,21
"Kyle Schwarber* (CHC)",NA,"Kyle Schwarber* (CHC)",510,1,2,59,14,3,102,26,20,58,78,1,0,64,140,6,1.15,3,0,1,7,428,4,156,10,82,179,95,83
"Corey Seager* (LAD)",NA,"Corey Seager* (LAD)",115,0,1,19,5,1,27,2,1,10,11,2,0,13,17,2,1,0,0,2,0,101,0,40,0,27,53,26,26
"Kyle Seager* (SEA)",NA,"Kyle Seager* (SEA)",630,0,4,70,36,1,129,22,3,35,38,5,0,62,138,10,0.74,2,0,2,4,583,2,152,6,84,304,129,174
"Jean Segura (SEA)",NA,"Jean Segura (SEA)",632,4,6,136,29,3,178,10,2,30,32,4,0,91,69,17,1.25,11,3,8,8,586,20,212,22,99,314,174,139
"Marcus Semien (OAK)",NA,"Marcus Semien (OAK)",703,2,7,109,35,2,161,15,1,60,61,1,0,89,131,12,0.79,6,4,9,4,632,14,217,14,114,319,140,178
"Pedro Severino (WSN)",NA,"Pedro Severino (WSN)",213,0,1,21,9,0,32,2,4,14,18,4,0,14,47,3,0.89,0,0,1,2,190,1,53,2,37,107,50,56
"Chris Shaw* (SFG)",NA,"Chris Shaw* (SFG)",62,0,1,7,2,0,10,1,0,7,7,0,0,2,23,0,0.69,0,0,0,0,54,1,16,0,14,21,8,12
"Travis Shaw* (MIL)",NA,"Travis Shaw* (MIL)",587,1,6,65,23,0,120,32,6,72,78,4,0,73,108,7,0.77,2,0,6,4,498,5,176,6,97,257,111,145
"JB Shuck* (MIA)",NA,"JB Shuck* (MIA)",142,1,0,21,3,1,25,0,1,9,10,1,0,10,22,1,1.22,2,0,4,0,130,2,40,2,28,78,42,35
"Magneuris Sierra* (MIA)",NA,"Magneuris Sierra* (MIA)",156,3,0,25,3,0,28,0,1,5,6,0,0,10,39,0,1.31,2,0,3,1,147,3,37,3,24,77,43,33
"Moises Sierra (WSN)",NA,"Moises Sierra (WSN)",60,0,2,7,2,0,9,0,0,2,2,2,0,4,20,2,2.22,1,1,1,1,54,1,14,3,7,22,15,6
"Andrelton Simmons (LAA)",NA,"Andrelton Simmons (LAA)",600,1,5,120,26,5,162,11,2,33,35,5,0,68,44,17,1.1,2,0,8,2,554,10,199,4,127,323,169,153
"Chance Sisco* (BAL)",NA,"Chance Sisco* (BAL)",184,0,0,19,8,0,29,2,0,13,13,11,0,13,66,2,1.31,0,0,0,2,160,1,51,2,36,63,35,27
"Austin Slater (SFG)",NA,"Austin Slater (SFG)",225,0,1,42,6,1,50,1,2,18,20,5,0,21,69,5,2.4,0,1,2,4,199,7,76,5,50,73,51,21
"Dominic Smith* (NYM)",NA,"Dominic Smith* (NYM)",149,0,0,15,11,1,32,5,0,4,4,2,0,14,47,2,0.88,0,0,2,0,143,0,35,0,21,60,28,31
"Dwight Smith Jr.* (TOR)",NA,"Dwight Smith Jr.* (TOR)",75,0,1,7,8,0,17,2,0,7,7,2,0,9,13,1,1.4,0,1,1,1,65,0,25,2,14,33,19,13
"Kevan Smith (CHW)",NA,"Kevan Smith (CHW)",187,0,1,41,6,0,50,3,0,10,10,5,0,21,18,5,2.67,0,0,1,1,171,1,63,1,41,97,70,26
"Mallex Smith* (TBR)",NA,"Mallex Smith* (TBR)",544,7,2,103,27,10,142,2,0,47,47,8,0,65,98,11,1.32,12,4,4,8,480,40,199,24,110,225,128,96
"Justin Smoak# (TOR)",NA,"Justin Smoak# (TOR)",594,0,3,63,34,0,122,25,2,81,83,3,0,67,156,11,1.17,1,0,6,6,505,0,189,7,115,210,113,96
"Eric Sogard* (MIL)",NA,"Eric Sogard* (MIL)",113,1,1,10,3,0,13,0,1,11,12,2,0,7,23,3,0.83,0,0,1,1,97,3,28,1,20,57,25,31
"Yangervis Solarte# (TOR)",NA,"Yangervis Solarte# (TOR)",506,1,3,69,20,0,106,17,1,30,31,3,0,50,72,21,1.13,3,0,5,4,468,1,128,7,71,264,140,123
"Jorge Soler (KCR)",NA,"Jorge Soler (KCR)",257,0,2,32,18,0,59,9,0,28,28,4,0,27,69,6,1.2,1,0,5,4,223,3,87,5,55,84,45,38
"Juan Soto* (WSN)",NA,"Juan Soto* (WSN)",494,1,0,73,25,1,121,22,10,69,79,0,0,77,99,9,1.91,2,4,1,4,414,5,179,10,92,184,120,63
"Steven Souza Jr. (ARI)",NA,"Steven Souza Jr. (ARI)",272,0,0,30,15,3,53,5,0,28,28,3,0,21,75,4,0.75,1,1,0,2,241,6,79,4,54,109,46,62
"Denard Span* (TOT)",NA,"Denard Span* (TOT)",501,0,7,74,22,7,114,11,0,51,51,6,0,63,79,10,0.99,4,2,2,2,437,9,162,8,91,232,115,116
"Denard Span* (TBR)",NA,"Denard Span* (TBR)",173,0,1,22,7,1,34,4,0,28,28,1,0,27,24,5,0.75,2,0,1,1,143,6,60,3,30,79,33,45
"Denard Span* (SEA)",NA,"Denard Span* (SEA)",328,0,6,52,15,6,80,7,0,23,23,5,0,36,55,5,1.15,2,2,1,1,294,3,102,5,61,153,81,71
"Cory Spangenberg* (SDP)",NA,"Cory Spangenberg* (SDP)",329,4,0,50,9,4,70,7,0,25,25,2,0,35,108,6,1.36,1,0,4,4,298,6,94,5,54,110,63,46
"George Springer (HOU)",NA,"George Springer (HOU)",624,0,3,96,26,0,144,22,0,64,64,5,4,102,122,12,1.16,4,0,4,7,544,6,199,11,86,262,140,121
"Giancarlo Stanton (NYY)",NA,"Giancarlo Stanton (NYY)",705,0,10,91,34,1,164,38,5,65,70,8,0,102,211,17,1.05,0,0,4,9,617,5,208,9,97,221,113,107
"Max Stassi (HOU)",NA,"Max Stassi (HOU)",250,0,0,29,13,0,50,8,0,23,23,6,0,28,74,6,1.73,0,0,1,1,221,0,72,1,43,90,57,32
"Andrew Stevenson* (WSN)",NA,"Andrew Stevenson* (WSN)",86,1,3,16,2,0,19,1,0,6,6,1,0,9,23,0,1.47,1,0,1,2,75,1,26,3,14,32,19,12
"Christin Stewart* (DET)",NA,"Christin Stewart* (DET)",72,0,1,12,1,1,16,2,0,10,10,1,0,7,13,1,0.62,0,0,0,1,60,0,25,1,17,30,11,18
"Trevor Story (COL)",NA,"Trevor Story (COL)",656,0,4,89,42,6,174,37,3,44,47,7,0,88,168,12,0.7,6,0,7,9,598,27,198,15,95,237,97,139
"Stephen Strasburg (WSN)",NA,"Stephen Strasburg (WSN)",51,8,0,5,0,0,5,0,0,2,2,0,0,0,12,3,7.25,0,0,2,1,41,0,9,1,8,19,16,2
"Chris Stratton (SFG)",NA,"Chris Stratton (SFG)",50,6,1,5,1,0,6,0,0,0,0,0,0,0,26,0,3.5,0,0,0,0,43,0,6,0,6,11,8,2
"Andrew Suarez* (SFG)",NA,"Andrew Suarez* (SFG)",51,2,0,3,0,0,3,0,0,2,2,0,0,1,27,1,5.67,0,0,0,0,47,0,5,0,4,16,13,2
"Eugenio Suarez (CIN)",NA,"Eugenio Suarez (CIN)",606,0,6,91,22,2,149,34,7,57,64,9,0,79,142,20,0.93,1,0,5,6,527,1,193,7,107,211,101,109
"Jesus Sucre (TBR)",NA,"Jesus Sucre (TBR)",198,4,2,32,5,0,38,1,2,7,9,1,0,9,29,4,0.94,0,0,1,1,182,1,48,1,38,110,53,56
"Kurt Suzuki (ATL)",NA,"Kurt Suzuki (ATL)",388,0,6,58,24,0,94,12,0,22,22,13,0,45,43,6,0.71,0,0,2,2,347,0,119,2,72,202,83,118
"Dansby Swanson (ATL)",NA,"Dansby Swanson (ATL)",533,6,3,71,25,4,114,14,15,29,44,2,0,51,122,5,0.89,4,1,7,2,478,10,153,7,95,230,108,121
"Blake Swihart# (BOS)",NA,"Blake Swihart# (BOS)",207,0,0,31,10,0,44,3,0,15,15,0,0,28,57,4,0.96,1,0,2,1,192,6,58,2,28,85,41,43
"Noah Syndergaard* (NYM)",NA,"Noah Syndergaard* (NYM)",52,3,1,4,2,0,6,0,0,1,1,0,0,0,32,0,1.6,0,0,0,0,47,0,7,0,7,9,5,3
"Matt Szczur (SDP)",NA,"Matt Szczur (SDP)",84,1,0,10,3,0,14,1,0,8,8,0,0,11,24,2,0.9,0,0,0,1,75,3,21,1,9,35,16,18
"Jameson Taillon (PIT)",NA,"Jameson Taillon (PIT)",63,5,0,3,1,0,4,0,0,1,1,0,0,0,22,1,3.63,0,0,0,0,57,0,5,0,5,30,23,6
"Chris Taylor (LAD)",NA,"Chris Taylor (LAD)",604,0,4,76,35,8,136,17,0,55,55,9,0,85,178,5,0.63,6,1,5,7,536,9,188,14,89,212,81,130
"Michael A. Taylor (WSN)",NA,"Michael A. Taylor (WSN)",385,2,0,49,22,3,80,6,2,27,29,1,0,46,116,9,1.49,6,1,2,3,353,24,106,10,50,146,87,58
"Julio Teheran (ATL)",NA,"Julio Teheran (ATL)",54,12,1,6,0,0,7,1,0,1,1,0,0,2,8,0,2.5,0,0,2,1,40,0,9,1,6,23,16,6
"Rowdy Tellez* (TOR)",NA,"Rowdy Tellez* (TOR)",73,0,1,9,9,0,22,4,0,2,2,0,0,10,21,0,0.93,0,0,1,1,70,0,21,1,10,26,12,13
"Eric Thames* (MIL)",NA,"Eric Thames* (MIL)",278,0,0,25,10,3,54,16,4,25,29,2,0,41,97,3,0.65,0,0,2,5,247,7,71,5,25,91,35,55
"Trayce Thompson (TOT)",NA,"Trayce Thompson (TOT)",137,1,1,9,3,0,15,3,1,6,7,0,0,15,50,0,0.72,1,1,3,1,128,3,22,3,4,60,25,34
"Trayce Thompson (CHW)",NA,"Trayce Thompson (CHW)",130,1,1,8,3,0,14,3,1,6,7,0,0,14,46,0,0.71,1,1,3,1,121,3,21,3,4,58,24,33
"Charlie Tilson* (CHW)",NA,"Charlie Tilson* (CHW)",122,2,1,26,1,1,28,0,0,10,10,1,1,7,20,2,2.88,3,1,1,2,106,2,41,6,28,55,40,14
"Carlos Tocci (TEX)",NA,"Carlos Tocci (TEX)",135,6,1,22,3,2,27,0,0,7,7,1,0,11,39,2,1.14,3,0,0,2,120,0,35,5,19,52,27,24
"Kelby Tomlinson (SFG)",NA,"Kelby Tomlinson (SFG)",152,1,0,23,4,2,29,0,0,9,9,2,0,9,35,3,2.55,2,0,2,1,140,0,42,3,30,71,51,20
"Gleyber Torres (NYY)",NA,"Gleyber Torres (NYY)",484,1,5,76,16,1,117,24,3,39,42,5,0,54,122,8,0.64,2,3,2,8,431,6,142,13,75,182,71,110
"Ronald Torreyes (NYY)",NA,"Ronald Torreyes (NYY)",102,0,0,20,7,1,28,0,0,2,2,0,0,9,16,3,0.97,0,0,2,2,100,0,32,2,21,51,25,25
"Devon Travis (TOR)",NA,"Devon Travis (TOR)",378,0,0,55,14,3,83,11,1,15,16,5,0,41,64,8,1.32,2,0,5,4,357,3,98,6,51,197,112,84
"Mike Trout (LAA)",NA,"Mike Trout (LAA)",609,0,4,80,24,4,147,39,25,97,122,10,1,101,124,5,0.6,2,0,2,4,471,24,243,6,136,193,72,120
"Mark Trumbo (BAL)",NA,"Mark Trumbo (BAL)",358,0,2,57,12,0,86,17,0,24,24,2,0,41,87,10,1.06,0,0,2,2,330,0,97,2,54,145,74,70
"Kyle Tucker* (HOU)",NA,"Kyle Tucker* (HOU)",72,0,0,6,2,1,9,0,0,6,6,2,0,10,13,1,1.15,1,0,0,1,64,1,17,2,5,41,21,19
"Preston Tucker* (TOT)",NA,"Preston Tucker* (TOT)",184,0,1,21,11,0,38,6,0,13,13,4,0,19,43,2,1.12,0,0,2,1,166,0,51,1,31,81,42,38
"Preston Tucker* (ATL)",NA,"Preston Tucker* (ATL)",142,0,1,17,10,0,31,4,0,9,9,3,0,15,34,2,1.32,0,0,2,1,129,0,41,1,25,60,34,25
"Justin Turner (LAD)",NA,"Justin Turner (LAD)",426,0,2,68,31,1,114,14,3,44,47,12,0,62,54,10,0.55,1,1,6,6,365,2,165,8,95,181,64,116
"Trea Turner (WSN)",NA,"Trea Turner (WSN)",740,2,0,128,27,6,180,19,3,66,69,5,0,103,132,7,1.1,9,6,10,9,664,43,245,24,118,335,175,159
"Justin Upton (LAA)",NA,"Justin Upton (LAA)",613,0,6,88,18,1,137,30,1,63,64,10,0,80,176,12,1.12,2,0,7,6,533,8,188,8,100,201,106,94
"Jose Urena (MIA)",NA,"Jose Urena (MIA)",52,3,0,1,1,0,2,0,0,1,1,0,0,1,35,0,5,0,0,2,1,48,0,5,1,3,9,7,1
"Richard Urena# (TOR)",NA,"Richard Urena# (TOR)",108,2,0,24,4,0,29,1,0,7,7,0,0,10,32,3,1.05,1,0,0,1,99,2,35,2,23,35,17,17
"Luis Urias (SDP)",NA,"Luis Urias (SDP)",53,0,1,7,1,0,10,2,0,3,3,1,0,5,10,0,2.11,0,0,1,0,48,1,13,0,8,27,18,8
"Chase Utley* (LAD)",NA,"Chase Utley* (LAD)",187,0,1,23,10,1,35,1,2,15,17,5,0,18,34,3,0.92,1,0,2,0,164,3,58,1,39,90,43,46
"Pat Valaika (COL)",NA,"Pat Valaika (COL)",133,2,0,12,5,0,19,2,0,9,9,0,0,8,30,4,0.9,0,0,2,0,122,0,28,0,20,67,31,35
"Luis Valbuena* (LAA)",NA,"Luis Valbuena* (LAA)",288,0,2,35,9,0,53,9,3,16,19,1,0,23,100,2,0.64,0,0,2,4,266,3,66,4,39,109,42,66
"Danny Valencia (BAL)",NA,"Danny Valencia (BAL)",282,0,5,49,8,1,67,9,2,20,22,0,0,28,53,8,1.25,1,1,4,2,255,1,84,4,52,123,68,54
"Jesmuel Valentin# (PHI)",NA,"Jesmuel Valentin# (PHI)",89,0,1,7,5,1,14,1,0,8,8,1,0,8,24,1,0.52,0,0,0,0,79,0,22,0,14,40,13,26
"Breyvic Valera# (TOT)",NA,"Breyvic Valera# (TOT)",75,2,2,14,0,1,15,0,0,7,7,0,0,8,13,0,0.76,0,0,1,3,64,1,23,3,12,35,15,19
"Christian Vazquez (BOS)",NA,"Christian Vazquez (BOS)",269,1,0,39,10,0,52,3,1,12,13,4,0,24,41,5,0.91,1,0,2,4,251,4,68,5,39,151,71,79
"Alex Verdugo* (LAD)",NA,"Alex Verdugo* (LAD)",86,1,0,13,6,0,20,1,0,8,8,0,0,11,14,4,1.88,0,0,2,1,77,0,29,1,17,37,24,12
"Christian Villanueva (SDP)",NA,"Christian Villanueva (SDP)",384,0,1,48,15,0,83,20,0,23,23,9,0,42,104,12,0.75,0,0,2,2,351,3,97,2,53,150,64,85
"Jonathan Villar# (TOT)",NA,"Jonathan Villar# (TOT)",515,1,2,92,14,1,121,14,0,41,41,5,0,54,138,13,1.7,5,3,7,6,466,35,160,14,92,187,117,69
"Jonathan Villar# (MIL)",NA,"Jonathan Villar# (MIL)",279,0,1,50,10,1,67,6,0,19,19,2,0,26,80,9,2.74,2,0,6,4,257,14,88,6,56,95,69,25
"Jonathan Villar# (BAL)",NA,"Jonathan Villar# (BAL)",236,1,1,42,4,0,54,8,0,22,22,3,0,28,58,4,1.06,3,3,1,2,209,21,72,8,36,92,47,44
"Dan Vogelbach* (SEA)",NA,"Dan Vogelbach* (SEA)",102,0,0,12,2,0,18,4,0,13,13,2,0,9,26,4,1.3,0,0,1,1,87,0,30,1,20,38,21,16
"Luke Voit (TOT)",NA,"Luke Voit (TOT)",161,0,0,26,5,0,46,15,0,17,17,1,0,30,43,3,0.86,0,0,3,1,143,0,52,1,21,48,22,25
"Luke Voit (NYY)",NA,"Luke Voit (NYY)",148,0,0,25,5,0,44,14,0,15,15,1,0,28,39,3,0.85,0,0,2,1,132,0,48,1,19,44,20,23
"Joey Votto* (CIN)",NA,"Joey Votto* (CIN)",623,0,3,101,28,2,143,12,6,102,108,9,0,67,101,15,0.96,0,2,1,3,503,2,249,5,177,243,119,123
"Tyler Wade* (NYY)",NA,"Tyler Wade* (NYY)",70,0,0,6,4,0,11,1,0,4,4,0,0,8,23,1,2.67,0,0,0,1,66,1,14,1,5,31,22,8
"Christian Walker (ARI)",NA,"Christian Walker (ARI)",53,0,0,3,2,0,8,3,0,3,3,1,0,6,22,1,0.82,0,0,0,0,49,1,9,0,3,18,8,9
"Neil Walker# (NYY)",NA,"Neil Walker# (NYY)",398,0,4,52,12,1,76,11,3,39,42,5,0,48,87,3,0.84,0,0,3,1,347,0,115,1,66,178,81,96
"Chad Wallach (MIA)",NA,"Chad Wallach (MIA)",52,1,0,6,1,0,8,1,0,4,4,2,0,4,23,0,2,0,0,0,0,45,0,13,0,9,14,9,4
"Taylor Ward (LAA)",NA,"Taylor Ward (LAA)",147,0,0,15,3,0,24,6,0,9,9,3,0,14,45,0,0.71,0,0,1,4,135,2,31,4,13,65,26,38
"Joey Wendle* (TBR)",NA,"Joey Wendle* (TBR)",545,2,10,100,33,6,146,7,4,33,37,9,0,62,96,11,1.05,4,2,4,9,487,16,189,15,112,230,117,112
"Zack Wheeler* (NYM)",NA,"Zack Wheeler* (NYM)",60,3,1,9,2,0,11,0,0,0,0,0,0,4,21,1,1.42,0,0,0,0,56,0,11,0,7,23,13,9
"Tyler White (HOU)",NA,"Tyler White (HOU)",237,0,1,31,12,3,58,12,0,24,24,2,0,27,49,1,0.87,1,0,2,3,210,0,74,4,43,100,46,53
"Matt Wieters# (WSN)",NA,"Matt Wieters# (WSN)",271,1,2,40,8,0,56,8,3,27,30,3,0,24,45,5,0.62,1,0,0,0,235,0,81,1,56,129,49,79
"Mason Williams* (CIN)",NA,"Mason Williams* (CIN)",132,2,0,28,5,1,36,2,1,6,7,0,0,10,29,5,1.41,2,0,0,1,123,1,41,3,28,53,31,21
"Nick Williams* (PHI)",NA,"Nick Williams* (PHI)",448,0,0,72,12,3,104,17,2,30,32,9,0,53,111,4,1.23,2,1,1,1,407,3,129,4,72,187,103,83
"Trevor Williams (PIT)",NA,"Trevor Williams (PIT)",51,6,0,5,0,0,5,0,0,2,2,0,0,3,13,0,3.43,0,0,0,1,43,0,7,1,3,25,19,5
"Mac Williamson (SFG)",NA,"Mac Williamson (SFG)",105,0,0,12,4,0,20,4,0,11,11,0,0,14,27,1,1.88,1,0,1,0,94,1,28,1,13,45,29,15
"Bobby Wilson (MIN)",NA,"Bobby Wilson (MIN)",151,2,2,14,8,0,24,2,0,12,12,0,0,12,37,6,1.31,0,0,2,1,135,0,36,1,23,66,37,28
"Jesse Winker* (CIN)",NA,"Jesse Winker* (CIN)",334,1,1,61,16,0,84,7,4,45,49,2,0,38,46,6,1.07,0,0,2,2,281,0,130,2,90,143,73,69
"Patrick Wisdom (STL)",NA,"Patrick Wisdom (STL)",58,0,0,8,1,0,13,4,0,6,6,2,0,11,19,1,1.11,1,0,0,0,50,2,17,1,5,17,8,8
"Tony Wolters* (COL)",NA,"Tony Wolters* (COL)",216,0,2,20,4,4,31,3,2,24,26,6,0,19,33,6,1.66,0,0,3,1,182,2,63,1,43,109,68,40
"Kolten Wong* (STL)",NA,"Kolten Wong* (STL)",407,6,3,59,18,2,88,9,3,28,31,14,0,41,60,6,1.41,5,0,3,5,353,6,127,10,76,196,114,81
"Alex Wood (LAD)",NA,"Alex Wood (LAD)",50,6,0,2,0,0,2,0,0,0,0,0,0,1,25,0,10,0,0,1,0,44,1,3,0,2,16,14,1
"Austin Wynns (BAL)",NA,"Austin Wynns (BAL)",118,3,0,22,2,0,28,4,0,5,5,0,0,16,25,7,2.14,0,0,2,1,110,0,31,1,14,48,32,15
"Christian Yelich* (MIL)",NA,"Christian Yelich* (MIL)",651,0,2,110,34,7,187,36,2,66,68,7,0,118,135,14,1.99,4,1,6,5,574,22,232,10,104,232,154,77
"Chris Young (LAA)",NA,"Chris Young (LAA)",128,1,1,10,2,1,19,6,0,11,11,2,0,17,37,1,0.48,0,0,1,0,113,2,27,0,10,55,17,37
"Eric Young Jr.# (LAA)",NA,"Eric Young Jr.# (LAA)",117,0,1,15,4,2,22,1,0,6,6,1,0,12,28,4,1.83,1,0,0,2,109,5,28,3,13,55,35,19
"Bradley Zimmer* (CLE)",NA,"Bradley Zimmer* (CLE)",114,0,0,17,5,0,24,2,0,7,7,1,0,14,44,1,1.5,1,0,0,0,106,4,30,1,15,37,22,14
"Ryan Zimmerman (WSN)",NA,"Ryan Zimmerman (WSN)",323,0,2,40,21,2,76,13,1,29,30,3,0,33,55,10,1.39,1,0,4,2,288,1,100,3,64,143,83,59
"Ben Zobrist# (CHC)",NA,"Ben Zobrist# (CHC)",520,1,7,99,28,3,139,9,1,54,55,2,0,67,60,8,1.16,4,1,4,7,455,3,191,12,112,244,131,112
"Mike Zunino (SEA)",NA,"Mike Zunino (SEA)",405,0,2,37,18,0,75,20,0,24,24,6,0,37,150,7,0.84,0,0,2,4,373,0,87,4,46,139,63,75
"League Average per 600 PA","League Average per 600 PA",NA,600,3,4,85,27,3,133,18,3,48,51,6,0,70,134,11,1.02,3,1,5,5,536,8,177,9,98,253,127,125
"Arizona Diamondbacks","Arizona Diamondbacks",NA,6159,38,45,798,259,50,1283,176,36,524,560,52,2,693,1460,110,1.08,25,9,57,56,5460,79,1778,90,995,2550,1324,1225
"Atlanta Braves","Atlanta Braves",NA,6251,49,43,915,314,29,1433,175,53,458,511,66,0,759,1290,99,1.01,36,8,60,51,5582,90,1895,95,1041,2700,1356,1343
"Baltimore Orioles","Baltimore Orioles",NA,6034,13,35,872,242,15,1317,188,19,403,422,57,0,622,1412,132,1.09,22,8,46,48,5507,81,1654,78,954,2600,1355,1244
"Boston Red Sox","Boston Red Sox",NA,6302,7,48,915,355,31,1509,208,38,531,569,55,0,876,1253,130,1.04,31,12,70,57,5623,125,1995,100,1019,2661,1356,1304
"Chicago Cubs","Chicago Cubs",NA,6374,40,46,966,286,34,1453,167,67,509,576,78,5,761,1388,107,1.17,38,12,60,70,5624,66,2005,120,1124,2616,1410,1205
"Chicago White Sox","Chicago White Sox",NA,6072,24,32,851,259,40,1332,182,18,407,425,66,1,656,1594,99,1.1,41,12,60,53,5523,98,1702,106,940,2438,1277,1160
"Cincinnati Reds","Cincinnati Reds",NA,6240,49,35,956,251,25,1404,172,35,524,559,65,0,696,1376,128,0.97,33,14,39,49,5532,77,1895,96,1103,2585,1272,1312
"Cleveland Indians","Cleveland Indians",NA,6302,25,44,915,297,19,1447,216,32,522,554,80,2,818,1189,98,0.9,36,7,56,56,5595,135,1923,99,1006,2805,1328,1476
"Colorado Rockies","Colorado Rockies",NA,6178,42,37,886,280,42,1418,210,38,469,507,51,0,780,1397,114,1.21,33,11,61,59,5541,95,1827,103,944,2551,1396,1154
"Detroit Tigers","Detroit Tigers",NA,6029,15,40,872,284,35,1326,135,18,410,428,52,0,630,1341,110,0.92,30,13,68,46,5494,70,1739,89,1020,2649,1269,1379
"Houston Astros","Houston Astros",NA,6154,14,45,889,278,18,1390,205,19,546,565,61,8,797,1197,156,0.95,26,10,51,57,5453,71,1870,93,980,2659,1295,1363
"Kansas City Royals","Kansas City Royals",NA,6063,24,40,883,283,29,1350,155,13,414,427,67,0,638,1310,123,0.96,38,15,56,50,5505,117,1745,103,1004,2666,1305,1360
"Los Angeles Angels","Los Angeles Angels",NA,6111,7,39,837,249,23,1323,214,38,476,514,73,3,721,1300,111,0.94,22,7,49,58,5472,89,1748,87,940,2689,1302,1386
"Los Angeles Dodgers","Los Angeles Dodgers",NA,6358,39,39,830,296,33,1394,235,47,600,647,61,0,804,1436,119,0.94,24,10,57,63,5572,75,1924,97,1023,2566,1243,1322
"Miami Marlins","Miami Marlins",NA,6087,32,31,929,222,24,1303,128,26,429,455,73,4,589,1384,119,1.2,31,11,74,48,5488,45,1781,90,1102,2608,1422,1185
"Milwaukee Brewers","Milwaukee Brewers",NA,6213,29,41,904,252,24,1398,218,32,505,537,58,3,754,1458,128,1.21,32,15,66,56,5542,124,1844,103,987,2492,1364,1127
"Minnesota Twins","Minnesota Twins",NA,6154,19,38,874,317,22,1379,166,25,509,534,37,0,738,1328,89,0.87,27,20,44,54,5526,47,1828,101,989,2686,1249,1436
"New York Mets","New York Mets",NA,6177,28,42,813,265,34,1282,170,36,530,566,73,0,676,1404,116,0.95,39,12,60,46,5468,71,1811,97,1038,2606,1269,1336
"New York Yankees","New York Yankees",NA,6271,10,59,815,269,23,1374,267,21,604,625,62,0,851,1421,107,0.95,21,7,56,54,5515,63,1850,82,917,2557,1245,1311
"Oakland Athletics","Oakland Athletics",NA,6255,6,44,838,322,20,1407,227,18,532,550,76,0,813,1381,136,0.87,21,8,54,42,5579,35,1860,71,976,2601,1210,1390
"Philadelphia Phillies","Philadelphia Phillies",NA,6138,32,32,813,241,30,1270,186,33,549,582,64,2,677,1520,102,1.01,26,13,44,36,5424,69,1776,75,1024,2488,1250,1237
"Pittsburgh Pirates","Pittsburgh Pirates",NA,6069,31,52,896,290,38,1381,157,38,436,474,59,3,692,1229,121,1.03,38,6,52,62,5447,70,1812,106,1014,2664,1351,1312
"San Diego Padres","San Diego Padres",NA,6059,35,36,847,250,30,1289,162,28,443,471,31,0,617,1523,122,1.21,36,14,47,52,5486,95,1676,102,957,2505,1371,1133
"Seattle Mariners","Seattle Mariners",NA,6091,29,41,938,256,32,1402,176,17,413,430,70,4,677,1221,128,1.13,37,11,45,40,5513,79,1775,88,1010,2717,1441,1275
"San Francisco Giants","San Francisco Giants",NA,6113,33,42,906,255,30,1324,133,40,408,448,49,0,603,1467,113,1.12,34,14,51,32,5541,77,1739,80,1056,2586,1366,1219
"St. Louis Cardinals","St. Louis Cardinals",NA,6203,46,48,907,248,9,1369,205,40,485,525,80,3,759,1380,92,1.02,32,10,46,59,5498,63,1818,101,958,2611,1318,1292
"Tampa Bay Rays","Tampa Bay Rays",NA,6196,28,50,948,274,43,1415,150,17,523,540,101,1,716,1388,122,1.09,51,18,47,64,5475,128,1954,133,1105,2503,1305,1197
"Texas Rangers","Texas Rangers",NA,6163,33,34,824,266,24,1308,194,16,539,555,88,0,737,1484,104,1.04,35,13,56,50,5453,74,1813,98,978,2501,1275,1225
"Toronto Blue Jays","Toronto Blue Jays",NA,6076,5,37,783,320,16,1336,217,15,484,499,58,0,709,1387,118,0.95,30,8,56,64,5477,47,1732,102,921,2580,1256,1323
"Washington Nationals","Washington Nationals",NA,6288,41,40,902,284,25,1402,191,56,575,631,59,0,771,1289,104,1.08,33,22,43,54,5517,119,1944,109,1064,2679,1391,1287
